Copyright 1986-2022 Xilinx, Inc. All Rights Reserved.
------------------------------------------------------------------------------------------------------------------------------------------------------------------------------------------------------
| Tool Version : Vivado v.2022.2 (win64) Build 3671981 Fri Oct 14 05:00:03 MDT 2022
| Date         : Sat Apr 18 14:53:22 2026
| Host         : Lomash-HP running 64-bit major release  (build 9200)
| Command      : report_timing_summary -max_paths 10 -report_unconstrained -file top_timing_summary_routed.rpt -pb top_timing_summary_routed.pb -rpx top_timing_summary_routed.rpx -warn_on_violation
| Design       : top
| Device       : 7a35t-cpg236
| Speed File   : -1  PRODUCTION 1.23 2018-06-13
------------------------------------------------------------------------------------------------------------------------------------------------------------------------------------------------------

Timing Summary Report

------------------------------------------------------------------------------------------------
| Timer Settings
| --------------
------------------------------------------------------------------------------------------------

  Enable Multi Corner Analysis               :  Yes
  Enable Pessimism Removal                   :  Yes
  Pessimism Removal Resolution               :  Nearest Common Node
  Enable Input Delay Default Clock           :  No
  Enable Preset / Clear Arcs                 :  No
  Disable Flight Delays                      :  No
  Ignore I/O Paths                           :  No
  Timing Early Launch at Borrowing Latches   :  No
  Borrow Time for Max Delay Exceptions       :  Yes
  Merge Timing Exceptions                    :  Yes

  Corner  Analyze    Analyze    
  Name    Max Paths  Min Paths  
  ------  ---------  ---------  
  Slow    Yes        Yes        
  Fast    Yes        Yes        


------------------------------------------------------------------------------------------------
| Report Methodology
| ------------------
------------------------------------------------------------------------------------------------

Rule       Severity  Description                    Violations  
---------  --------  -----------------------------  ----------  
TIMING-18  Warning   Missing input or output delay  19          

Note: This report is based on the most recent report_methodology run and may not be up-to-date. Run report_methodology on the current design for the latest report.



check_timing report

Table of Contents
-----------------
1. checking no_clock (0)
2. checking constant_clock (0)
3. checking pulse_width_clock (0)
4. checking unconstrained_internal_endpoints (0)
5. checking no_input_delay (2)
6. checking no_output_delay (6)
7. checking multiple_clock (0)
8. checking generated_clocks (0)
9. checking loops (0)
10. checking partial_input_delay (0)
11. checking partial_output_delay (0)
12. checking latch_loops (0)

1. checking no_clock (0)
------------------------
 There are 0 register/latch pins with no clock.


2. checking constant_clock (0)
------------------------------
 There are 0 register/latch pins with constant_clock.


3. checking pulse_width_clock (0)
---------------------------------
 There are 0 register/latch pins which need pulse_width check


4. checking unconstrained_internal_endpoints (0)
------------------------------------------------
 There are 0 pins that are not constrained for maximum delay.

 There are 0 pins that are not constrained for maximum delay due to constant clock.


5. checking no_input_delay (2)
------------------------------
 There are 2 input ports with no input delay specified. (HIGH)

 There are 0 input ports with no input delay but user has a false path constraint.


6. checking no_output_delay (6)
-------------------------------
 There are 6 ports with no output delay specified. (HIGH)

 There are 0 ports with no output delay but user has a false path constraint

 There are 0 ports with no output delay but with a timing clock defined on it or propagating through it


7. checking multiple_clock (0)
------------------------------
 There are 0 register/latch pins with multiple clocks.


8. checking generated_clocks (0)
--------------------------------
 There are 0 generated clocks that are not connected to a clock source.


9. checking loops (0)
---------------------
 There are 0 combinational loops in the design.


10. checking partial_input_delay (0)
------------------------------------
 There are 0 input ports with partial input delay specified.


11. checking partial_output_delay (0)
-------------------------------------
 There are 0 ports with partial output delay specified.


12. checking latch_loops (0)
----------------------------
 There are 0 combinational latch loops in the design through latch input



------------------------------------------------------------------------------------------------
| Design Timing Summary
| ---------------------
------------------------------------------------------------------------------------------------

    WNS(ns)      TNS(ns)  TNS Failing Endpoints  TNS Total Endpoints      WHS(ns)      THS(ns)  THS Failing Endpoints  THS Total Endpoints     WPWS(ns)     TPWS(ns)  TPWS Failing Endpoints  TPWS Total Endpoints  
    -------      -------  ---------------------  -------------------      -------      -------  ---------------------  -------------------     --------     --------  ----------------------  --------------------  
      2.750        0.000                      0                 2260        0.068        0.000                      0                 2260        3.750        0.000                       0                   657  


All user specified timing constraints are met.


------------------------------------------------------------------------------------------------
| Clock Summary
| -------------
------------------------------------------------------------------------------------------------

Clock        Waveform(ns)       Period(ns)      Frequency(MHz)
-----        ------------       ----------      --------------
sys_clk_pin  {0.000 5.000}      10.000          100.000         


------------------------------------------------------------------------------------------------
| Intra Clock Table
| -----------------
------------------------------------------------------------------------------------------------

Clock             WNS(ns)      TNS(ns)  TNS Failing Endpoints  TNS Total Endpoints      WHS(ns)      THS(ns)  THS Failing Endpoints  THS Total Endpoints     WPWS(ns)     TPWS(ns)  TPWS Failing Endpoints  TPWS Total Endpoints  
-----             -------      -------  ---------------------  -------------------      -------      -------  ---------------------  -------------------     --------     --------  ----------------------  --------------------  
sys_clk_pin         2.750        0.000                      0                 2260        0.068        0.000                      0                 2260        3.750        0.000                       0                   657  


------------------------------------------------------------------------------------------------
| Inter Clock Table
| -----------------
------------------------------------------------------------------------------------------------

From Clock    To Clock          WNS(ns)      TNS(ns)  TNS Failing Endpoints  TNS Total Endpoints      WHS(ns)      THS(ns)  THS Failing Endpoints  THS Total Endpoints  
----------    --------          -------      -------  ---------------------  -------------------      -------      -------  ---------------------  -------------------  


------------------------------------------------------------------------------------------------
| Other Path Groups Table
| -----------------------
------------------------------------------------------------------------------------------------

Path Group    From Clock    To Clock          WNS(ns)      TNS(ns)  TNS Failing Endpoints  TNS Total Endpoints      WHS(ns)      THS(ns)  THS Failing Endpoints  THS Total Endpoints  
----------    ----------    --------          -------      -------  ---------------------  -------------------      -------      -------  ---------------------  -------------------  


------------------------------------------------------------------------------------------------
| User Ignored Path Table
| -----------------------
------------------------------------------------------------------------------------------------

Path Group    From Clock    To Clock    
----------    ----------    --------    


------------------------------------------------------------------------------------------------
| Unconstrained Path Table
| ------------------------
------------------------------------------------------------------------------------------------

Path Group    From Clock    To Clock    
----------    ----------    --------    
(none)        sys_clk_pin                 
(none)                      sys_clk_pin   


------------------------------------------------------------------------------------------------
| Timing Details
| --------------
------------------------------------------------------------------------------------------------


---------------------------------------------------------------------------------------------------
From Clock:  sys_clk_pin
  To Clock:  sys_clk_pin

Setup :            0  Failing Endpoints,  Worst Slack        2.750ns,  Total Violation        0.000ns
Hold  :            0  Failing Endpoints,  Worst Slack        0.068ns,  Total Violation        0.000ns
PW    :            0  Failing Endpoints,  Worst Slack        3.750ns,  Total Violation        0.000ns
---------------------------------------------------------------------------------------------------


Max Delay Paths
--------------------------------------------------------------------------------------
Slack (MET) :             2.750ns  (required time - arrival time)
  Source:                 core/blur_pipe_1/col_inst/t2_reg[0]/C
                            (rising edge-triggered cell FDRE clocked by sys_clk_pin  {rise@0.000ns fall@5.000ns period=10.000ns})
  Destination:            core/blur_pipe_1/col_inst/sum_reg[9]/D
                            (rising edge-triggered cell FDRE clocked by sys_clk_pin  {rise@0.000ns fall@5.000ns period=10.000ns})
  Path Group:             sys_clk_pin
  Path Type:              Setup (Max at Slow Process Corner)
  Requirement:            10.000ns  (sys_clk_pin rise@10.000ns - sys_clk_pin rise@0.000ns)
  Data Path Delay:        7.242ns  (logic 4.019ns (55.494%)  route 3.223ns (44.506%))
  Logic Levels:           9  (CARRY4=6 LUT2=1 LUT3=1 LUT4=1)
  Clock Path Skew:        -0.034ns (DCD - SCD + CPR)
    Destination Clock Delay (DCD):    4.778ns = ( 14.778 - 10.000 ) 
    Source Clock Delay      (SCD):    5.072ns
    Clock Pessimism Removal (CPR):    0.260ns
  Clock Uncertainty:      0.035ns  ((TSJ^2 + TIJ^2)^1/2 + DJ) / 2 + PE
    Total System Jitter     (TSJ):    0.071ns
    Total Input Jitter      (TIJ):    0.000ns
    Discrete Jitter          (DJ):    0.000ns
    Phase Error              (PE):    0.000ns

    Location             Delay type                Incr(ns)  Path(ns)    Netlist Resource(s)
  -------------------------------------------------------------------    -------------------
                         (clock sys_clk_pin rise edge)
                                                      0.000     0.000 r  
    W5                                                0.000     0.000 r  clk (IN)
                         net (fo=0)                   0.000     0.000    clk
    W5                   IBUF (Prop_ibuf_I_O)         1.458     1.458 r  clk_IBUF_inst/O
                         net (fo=1, routed)           1.967     3.425    clk_IBUF
    BUFGCTRL_X0Y0        BUFG (Prop_bufg_I_O)         0.096     3.521 r  clk_IBUF_BUFG_inst/O
                         net (fo=656, routed)         1.551     5.072    core/blur_pipe_1/col_inst/clk_IBUF_BUFG
    SLICE_X15Y23         FDRE                                         r  core/blur_pipe_1/col_inst/t2_reg[0]/C
  -------------------------------------------------------------------    -------------------
    SLICE_X15Y23         FDRE (Prop_fdre_C_Q)         0.456     5.528 r  core/blur_pipe_1/col_inst/t2_reg[0]/Q
                         net (fo=5, routed)           0.500     6.028    core/blur_pipe_1/col_inst/t2[0]
    SLICE_X14Y25         CARRY4 (Prop_carry4_S[0]_O[1])
                                                      0.551     6.579 r  core/blur_pipe_1/col_inst/sum3_carry/O[1]
                         net (fo=2, routed)           0.728     7.307    core/blur_pipe_1/col_inst/sum3[2]
    SLICE_X13Y25         LUT2 (Prop_lut2_I0_O)        0.306     7.613 r  core/blur_pipe_1/col_inst/i___0_carry_i_25/O
                         net (fo=1, routed)           0.000     7.613    core/blur_pipe_1/col_inst/i___0_carry_i_25_n_0
    SLICE_X13Y25         CARRY4 (Prop_carry4_S[1]_O[3])
                                                      0.640     8.253 r  core/blur_pipe_1/col_inst/i___0_carry_i_18/O[3]
                         net (fo=2, routed)           0.636     8.889    core/blur_pipe_1/col_inst/C[4]
    SLICE_X12Y25         CARRY4 (Prop_carry4_DI[3]_CO[3])
                                                      0.578     9.467 r  core/blur_pipe_1/col_inst/i___0_carry_i_9__0/CO[3]
                         net (fo=1, routed)           0.000     9.467    core/blur_pipe_1/col_inst/i___0_carry_i_9__0_n_0
    SLICE_X12Y26         CARRY4 (Prop_carry4_CI_O[1])
                                                      0.323     9.790 r  core/blur_pipe_1/col_inst/i___0_carry__1_i_1__0/O[1]
                         net (fo=2, routed)           0.785    10.575    core/blur_pipe_1/col_inst/i___0_carry__1_i_1__0_n_6
    SLICE_X11Y24         LUT3 (Prop_lut3_I1_O)        0.306    10.881 r  core/blur_pipe_1/col_inst/i___0_carry__0_i_1__0/O
                         net (fo=2, routed)           0.574    11.456    core/blur_pipe_1/col_inst/i___0_carry__0_i_1__0_n_0
    SLICE_X11Y26         LUT4 (Prop_lut4_I0_O)        0.124    11.580 r  core/blur_pipe_1/col_inst/i___0_carry__0_i_5__0/O
                         net (fo=1, routed)           0.000    11.580    core/blur_pipe_1/col_inst/i___0_carry__0_i_5__0_n_0
    SLICE_X11Y26         CARRY4 (Prop_carry4_S[3]_CO[3])
                                                      0.401    11.981 r  core/blur_pipe_1/col_inst/sum0_inferred__0/i___0_carry__0/CO[3]
                         net (fo=1, routed)           0.000    11.981    core/blur_pipe_1/col_inst/sum0_inferred__0/i___0_carry__0_n_0
    SLICE_X11Y27         CARRY4 (Prop_carry4_CI_O[1])
                                                      0.334    12.315 r  core/blur_pipe_1/col_inst/sum0_inferred__0/i___0_carry__1/O[1]
                         net (fo=1, routed)           0.000    12.315    core/blur_pipe_1/col_inst/sum0[9]
    SLICE_X11Y27         FDRE                                         r  core/blur_pipe_1/col_inst/sum_reg[9]/D
  -------------------------------------------------------------------    -------------------

                         (clock sys_clk_pin rise edge)
                                                     10.000    10.000 r  
    W5                                                0.000    10.000 r  clk (IN)
                         net (fo=0)                   0.000    10.000    clk
    W5                   IBUF (Prop_ibuf_I_O)         1.388    11.388 r  clk_IBUF_inst/O
                         net (fo=1, routed)           1.862    13.250    clk_IBUF
    BUFGCTRL_X0Y0        BUFG (Prop_bufg_I_O)         0.091    13.341 r  clk_IBUF_BUFG_inst/O
                         net (fo=656, routed)         1.437    14.778    core/blur_pipe_1/col_inst/clk_IBUF_BUFG
    SLICE_X11Y27         FDRE                                         r  core/blur_pipe_1/col_inst/sum_reg[9]/C
                         clock pessimism              0.260    15.038    
                         clock uncertainty           -0.035    15.003    
    SLICE_X11Y27         FDRE (Setup_fdre_C_D)        0.062    15.065    core/blur_pipe_1/col_inst/sum_reg[9]
  -------------------------------------------------------------------
                         required time                         15.065    
                         arrival time                         -12.315    
  -------------------------------------------------------------------
                         slack                                  2.750    

Slack (MET) :             2.771ns  (required time - arrival time)
  Source:                 core/blur_pipe_1/col_inst/t2_reg[0]/C
                            (rising edge-triggered cell FDRE clocked by sys_clk_pin  {rise@0.000ns fall@5.000ns period=10.000ns})
  Destination:            core/blur_pipe_1/col_inst/sum_reg[11]/D
                            (rising edge-triggered cell FDRE clocked by sys_clk_pin  {rise@0.000ns fall@5.000ns period=10.000ns})
  Path Group:             sys_clk_pin
  Path Type:              Setup (Max at Slow Process Corner)
  Requirement:            10.000ns  (sys_clk_pin rise@10.000ns - sys_clk_pin rise@0.000ns)
  Data Path Delay:        7.221ns  (logic 3.998ns (55.364%)  route 3.223ns (44.636%))
  Logic Levels:           9  (CARRY4=6 LUT2=1 LUT3=1 LUT4=1)
  Clock Path Skew:        -0.034ns (DCD - SCD + CPR)
    Destination Clock Delay (DCD):    4.778ns = ( 14.778 - 10.000 ) 
    Source Clock Delay      (SCD):    5.072ns
    Clock Pessimism Removal (CPR):    0.260ns
  Clock Uncertainty:      0.035ns  ((TSJ^2 + TIJ^2)^1/2 + DJ) / 2 + PE
    Total System Jitter     (TSJ):    0.071ns
    Total Input Jitter      (TIJ):    0.000ns
    Discrete Jitter          (DJ):    0.000ns
    Phase Error              (PE):    0.000ns

    Location             Delay type                Incr(ns)  Path(ns)    Netlist Resource(s)
  -------------------------------------------------------------------    -------------------
                         (clock sys_clk_pin rise edge)
                                                      0.000     0.000 r  
    W5                                                0.000     0.000 r  clk (IN)
                         net (fo=0)                   0.000     0.000    clk
    W5                   IBUF (Prop_ibuf_I_O)         1.458     1.458 r  clk_IBUF_inst/O
                         net (fo=1, routed)           1.967     3.425    clk_IBUF
    BUFGCTRL_X0Y0        BUFG (Prop_bufg_I_O)         0.096     3.521 r  clk_IBUF_BUFG_inst/O
                         net (fo=656, routed)         1.551     5.072    core/blur_pipe_1/col_inst/clk_IBUF_BUFG
    SLICE_X15Y23         FDRE                                         r  core/blur_pipe_1/col_inst/t2_reg[0]/C
  -------------------------------------------------------------------    -------------------
    SLICE_X15Y23         FDRE (Prop_fdre_C_Q)         0.456     5.528 r  core/blur_pipe_1/col_inst/t2_reg[0]/Q
                         net (fo=5, routed)           0.500     6.028    core/blur_pipe_1/col_inst/t2[0]
    SLICE_X14Y25         CARRY4 (Prop_carry4_S[0]_O[1])
                                                      0.551     6.579 r  core/blur_pipe_1/col_inst/sum3_carry/O[1]
                         net (fo=2, routed)           0.728     7.307    core/blur_pipe_1/col_inst/sum3[2]
    SLICE_X13Y25         LUT2 (Prop_lut2_I0_O)        0.306     7.613 r  core/blur_pipe_1/col_inst/i___0_carry_i_25/O
                         net (fo=1, routed)           0.000     7.613    core/blur_pipe_1/col_inst/i___0_carry_i_25_n_0
    SLICE_X13Y25         CARRY4 (Prop_carry4_S[1]_O[3])
                                                      0.640     8.253 r  core/blur_pipe_1/col_inst/i___0_carry_i_18/O[3]
                         net (fo=2, routed)           0.636     8.889    core/blur_pipe_1/col_inst/C[4]
    SLICE_X12Y25         CARRY4 (Prop_carry4_DI[3]_CO[3])
                                                      0.578     9.467 r  core/blur_pipe_1/col_inst/i___0_carry_i_9__0/CO[3]
                         net (fo=1, routed)           0.000     9.467    core/blur_pipe_1/col_inst/i___0_carry_i_9__0_n_0
    SLICE_X12Y26         CARRY4 (Prop_carry4_CI_O[1])
                                                      0.323     9.790 r  core/blur_pipe_1/col_inst/i___0_carry__1_i_1__0/O[1]
                         net (fo=2, routed)           0.785    10.575    core/blur_pipe_1/col_inst/i___0_carry__1_i_1__0_n_6
    SLICE_X11Y24         LUT3 (Prop_lut3_I1_O)        0.306    10.881 r  core/blur_pipe_1/col_inst/i___0_carry__0_i_1__0/O
                         net (fo=2, routed)           0.574    11.456    core/blur_pipe_1/col_inst/i___0_carry__0_i_1__0_n_0
    SLICE_X11Y26         LUT4 (Prop_lut4_I0_O)        0.124    11.580 r  core/blur_pipe_1/col_inst/i___0_carry__0_i_5__0/O
                         net (fo=1, routed)           0.000    11.580    core/blur_pipe_1/col_inst/i___0_carry__0_i_5__0_n_0
    SLICE_X11Y26         CARRY4 (Prop_carry4_S[3]_CO[3])
                                                      0.401    11.981 r  core/blur_pipe_1/col_inst/sum0_inferred__0/i___0_carry__0/CO[3]
                         net (fo=1, routed)           0.000    11.981    core/blur_pipe_1/col_inst/sum0_inferred__0/i___0_carry__0_n_0
    SLICE_X11Y27         CARRY4 (Prop_carry4_CI_O[3])
                                                      0.313    12.294 r  core/blur_pipe_1/col_inst/sum0_inferred__0/i___0_carry__1/O[3]
                         net (fo=1, routed)           0.000    12.294    core/blur_pipe_1/col_inst/sum0[11]
    SLICE_X11Y27         FDRE                                         r  core/blur_pipe_1/col_inst/sum_reg[11]/D
  -------------------------------------------------------------------    -------------------

                         (clock sys_clk_pin rise edge)
                                                     10.000    10.000 r  
    W5                                                0.000    10.000 r  clk (IN)
                         net (fo=0)                   0.000    10.000    clk
    W5                   IBUF (Prop_ibuf_I_O)         1.388    11.388 r  clk_IBUF_inst/O
                         net (fo=1, routed)           1.862    13.250    clk_IBUF
    BUFGCTRL_X0Y0        BUFG (Prop_bufg_I_O)         0.091    13.341 r  clk_IBUF_BUFG_inst/O
                         net (fo=656, routed)         1.437    14.778    core/blur_pipe_1/col_inst/clk_IBUF_BUFG
    SLICE_X11Y27         FDRE                                         r  core/blur_pipe_1/col_inst/sum_reg[11]/C
                         clock pessimism              0.260    15.038    
                         clock uncertainty           -0.035    15.003    
    SLICE_X11Y27         FDRE (Setup_fdre_C_D)        0.062    15.065    core/blur_pipe_1/col_inst/sum_reg[11]
  -------------------------------------------------------------------
                         required time                         15.065    
                         arrival time                         -12.294    
  -------------------------------------------------------------------
                         slack                                  2.771    

Slack (MET) :             2.845ns  (required time - arrival time)
  Source:                 core/blur_pipe_1/col_inst/t2_reg[0]/C
                            (rising edge-triggered cell FDRE clocked by sys_clk_pin  {rise@0.000ns fall@5.000ns period=10.000ns})
  Destination:            core/blur_pipe_1/col_inst/sum_reg[10]/D
                            (rising edge-triggered cell FDRE clocked by sys_clk_pin  {rise@0.000ns fall@5.000ns period=10.000ns})
  Path Group:             sys_clk_pin
  Path Type:              Setup (Max at Slow Process Corner)
  Requirement:            10.000ns  (sys_clk_pin rise@10.000ns - sys_clk_pin rise@0.000ns)
  Data Path Delay:        7.147ns  (logic 3.924ns (54.902%)  route 3.223ns (45.098%))
  Logic Levels:           9  (CARRY4=6 LUT2=1 LUT3=1 LUT4=1)
  Clock Path Skew:        -0.034ns (DCD - SCD + CPR)
    Destination Clock Delay (DCD):    4.778ns = ( 14.778 - 10.000 ) 
    Source Clock Delay      (SCD):    5.072ns
    Clock Pessimism Removal (CPR):    0.260ns
  Clock Uncertainty:      0.035ns  ((TSJ^2 + TIJ^2)^1/2 + DJ) / 2 + PE
    Total System Jitter     (TSJ):    0.071ns
    Total Input Jitter      (TIJ):    0.000ns
    Discrete Jitter          (DJ):    0.000ns
    Phase Error              (PE):    0.000ns

    Location             Delay type                Incr(ns)  Path(ns)    Netlist Resource(s)
  -------------------------------------------------------------------    -------------------
                         (clock sys_clk_pin rise edge)
                                                      0.000     0.000 r  
    W5                                                0.000     0.000 r  clk (IN)
                         net (fo=0)                   0.000     0.000    clk
    W5                   IBUF (Prop_ibuf_I_O)         1.458     1.458 r  clk_IBUF_inst/O
                         net (fo=1, routed)           1.967     3.425    clk_IBUF
    BUFGCTRL_X0Y0        BUFG (Prop_bufg_I_O)         0.096     3.521 r  clk_IBUF_BUFG_inst/O
                         net (fo=656, routed)         1.551     5.072    core/blur_pipe_1/col_inst/clk_IBUF_BUFG
    SLICE_X15Y23         FDRE                                         r  core/blur_pipe_1/col_inst/t2_reg[0]/C
  -------------------------------------------------------------------    -------------------
    SLICE_X15Y23         FDRE (Prop_fdre_C_Q)         0.456     5.528 r  core/blur_pipe_1/col_inst/t2_reg[0]/Q
                         net (fo=5, routed)           0.500     6.028    core/blur_pipe_1/col_inst/t2[0]
    SLICE_X14Y25         CARRY4 (Prop_carry4_S[0]_O[1])
                                                      0.551     6.579 r  core/blur_pipe_1/col_inst/sum3_carry/O[1]
                         net (fo=2, routed)           0.728     7.307    core/blur_pipe_1/col_inst/sum3[2]
    SLICE_X13Y25         LUT2 (Prop_lut2_I0_O)        0.306     7.613 r  core/blur_pipe_1/col_inst/i___0_carry_i_25/O
                         net (fo=1, routed)           0.000     7.613    core/blur_pipe_1/col_inst/i___0_carry_i_25_n_0
    SLICE_X13Y25         CARRY4 (Prop_carry4_S[1]_O[3])
                                                      0.640     8.253 r  core/blur_pipe_1/col_inst/i___0_carry_i_18/O[3]
                         net (fo=2, routed)           0.636     8.889    core/blur_pipe_1/col_inst/C[4]
    SLICE_X12Y25         CARRY4 (Prop_carry4_DI[3]_CO[3])
                                                      0.578     9.467 r  core/blur_pipe_1/col_inst/i___0_carry_i_9__0/CO[3]
                         net (fo=1, routed)           0.000     9.467    core/blur_pipe_1/col_inst/i___0_carry_i_9__0_n_0
    SLICE_X12Y26         CARRY4 (Prop_carry4_CI_O[1])
                                                      0.323     9.790 r  core/blur_pipe_1/col_inst/i___0_carry__1_i_1__0/O[1]
                         net (fo=2, routed)           0.785    10.575    core/blur_pipe_1/col_inst/i___0_carry__1_i_1__0_n_6
    SLICE_X11Y24         LUT3 (Prop_lut3_I1_O)        0.306    10.881 r  core/blur_pipe_1/col_inst/i___0_carry__0_i_1__0/O
                         net (fo=2, routed)           0.574    11.456    core/blur_pipe_1/col_inst/i___0_carry__0_i_1__0_n_0
    SLICE_X11Y26         LUT4 (Prop_lut4_I0_O)        0.124    11.580 r  core/blur_pipe_1/col_inst/i___0_carry__0_i_5__0/O
                         net (fo=1, routed)           0.000    11.580    core/blur_pipe_1/col_inst/i___0_carry__0_i_5__0_n_0
    SLICE_X11Y26         CARRY4 (Prop_carry4_S[3]_CO[3])
                                                      0.401    11.981 r  core/blur_pipe_1/col_inst/sum0_inferred__0/i___0_carry__0/CO[3]
                         net (fo=1, routed)           0.000    11.981    core/blur_pipe_1/col_inst/sum0_inferred__0/i___0_carry__0_n_0
    SLICE_X11Y27         CARRY4 (Prop_carry4_CI_O[2])
                                                      0.239    12.220 r  core/blur_pipe_1/col_inst/sum0_inferred__0/i___0_carry__1/O[2]
                         net (fo=1, routed)           0.000    12.220    core/blur_pipe_1/col_inst/sum0[10]
    SLICE_X11Y27         FDRE                                         r  core/blur_pipe_1/col_inst/sum_reg[10]/D
  -------------------------------------------------------------------    -------------------

                         (clock sys_clk_pin rise edge)
                                                     10.000    10.000 r  
    W5                                                0.000    10.000 r  clk (IN)
                         net (fo=0)                   0.000    10.000    clk
    W5                   IBUF (Prop_ibuf_I_O)         1.388    11.388 r  clk_IBUF_inst/O
                         net (fo=1, routed)           1.862    13.250    clk_IBUF
    BUFGCTRL_X0Y0        BUFG (Prop_bufg_I_O)         0.091    13.341 r  clk_IBUF_BUFG_inst/O
                         net (fo=656, routed)         1.437    14.778    core/blur_pipe_1/col_inst/clk_IBUF_BUFG
    SLICE_X11Y27         FDRE                                         r  core/blur_pipe_1/col_inst/sum_reg[10]/C
                         clock pessimism              0.260    15.038    
                         clock uncertainty           -0.035    15.003    
    SLICE_X11Y27         FDRE (Setup_fdre_C_D)        0.062    15.065    core/blur_pipe_1/col_inst/sum_reg[10]
  -------------------------------------------------------------------
                         required time                         15.065    
                         arrival time                         -12.220    
  -------------------------------------------------------------------
                         slack                                  2.845    

Slack (MET) :             2.861ns  (required time - arrival time)
  Source:                 core/blur_pipe_1/col_inst/t2_reg[0]/C
                            (rising edge-triggered cell FDRE clocked by sys_clk_pin  {rise@0.000ns fall@5.000ns period=10.000ns})
  Destination:            core/blur_pipe_1/col_inst/sum_reg[8]/D
                            (rising edge-triggered cell FDRE clocked by sys_clk_pin  {rise@0.000ns fall@5.000ns period=10.000ns})
  Path Group:             sys_clk_pin
  Path Type:              Setup (Max at Slow Process Corner)
  Requirement:            10.000ns  (sys_clk_pin rise@10.000ns - sys_clk_pin rise@0.000ns)
  Data Path Delay:        7.131ns  (logic 3.908ns (54.801%)  route 3.223ns (45.199%))
  Logic Levels:           9  (CARRY4=6 LUT2=1 LUT3=1 LUT4=1)
  Clock Path Skew:        -0.034ns (DCD - SCD + CPR)
    Destination Clock Delay (DCD):    4.778ns = ( 14.778 - 10.000 ) 
    Source Clock Delay      (SCD):    5.072ns
    Clock Pessimism Removal (CPR):    0.260ns
  Clock Uncertainty:      0.035ns  ((TSJ^2 + TIJ^2)^1/2 + DJ) / 2 + PE
    Total System Jitter     (TSJ):    0.071ns
    Total Input Jitter      (TIJ):    0.000ns
    Discrete Jitter          (DJ):    0.000ns
    Phase Error              (PE):    0.000ns

    Location             Delay type                Incr(ns)  Path(ns)    Netlist Resource(s)
  -------------------------------------------------------------------    -------------------
                         (clock sys_clk_pin rise edge)
                                                      0.000     0.000 r  
    W5                                                0.000     0.000 r  clk (IN)
                         net (fo=0)                   0.000     0.000    clk
    W5                   IBUF (Prop_ibuf_I_O)         1.458     1.458 r  clk_IBUF_inst/O
                         net (fo=1, routed)           1.967     3.425    clk_IBUF
    BUFGCTRL_X0Y0        BUFG (Prop_bufg_I_O)         0.096     3.521 r  clk_IBUF_BUFG_inst/O
                         net (fo=656, routed)         1.551     5.072    core/blur_pipe_1/col_inst/clk_IBUF_BUFG
    SLICE_X15Y23         FDRE                                         r  core/blur_pipe_1/col_inst/t2_reg[0]/C
  -------------------------------------------------------------------    -------------------
    SLICE_X15Y23         FDRE (Prop_fdre_C_Q)         0.456     5.528 r  core/blur_pipe_1/col_inst/t2_reg[0]/Q
                         net (fo=5, routed)           0.500     6.028    core/blur_pipe_1/col_inst/t2[0]
    SLICE_X14Y25         CARRY4 (Prop_carry4_S[0]_O[1])
                                                      0.551     6.579 r  core/blur_pipe_1/col_inst/sum3_carry/O[1]
                         net (fo=2, routed)           0.728     7.307    core/blur_pipe_1/col_inst/sum3[2]
    SLICE_X13Y25         LUT2 (Prop_lut2_I0_O)        0.306     7.613 r  core/blur_pipe_1/col_inst/i___0_carry_i_25/O
                         net (fo=1, routed)           0.000     7.613    core/blur_pipe_1/col_inst/i___0_carry_i_25_n_0
    SLICE_X13Y25         CARRY4 (Prop_carry4_S[1]_O[3])
                                                      0.640     8.253 r  core/blur_pipe_1/col_inst/i___0_carry_i_18/O[3]
                         net (fo=2, routed)           0.636     8.889    core/blur_pipe_1/col_inst/C[4]
    SLICE_X12Y25         CARRY4 (Prop_carry4_DI[3]_CO[3])
                                                      0.578     9.467 r  core/blur_pipe_1/col_inst/i___0_carry_i_9__0/CO[3]
                         net (fo=1, routed)           0.000     9.467    core/blur_pipe_1/col_inst/i___0_carry_i_9__0_n_0
    SLICE_X12Y26         CARRY4 (Prop_carry4_CI_O[1])
                                                      0.323     9.790 r  core/blur_pipe_1/col_inst/i___0_carry__1_i_1__0/O[1]
                         net (fo=2, routed)           0.785    10.575    core/blur_pipe_1/col_inst/i___0_carry__1_i_1__0_n_6
    SLICE_X11Y24         LUT3 (Prop_lut3_I1_O)        0.306    10.881 r  core/blur_pipe_1/col_inst/i___0_carry__0_i_1__0/O
                         net (fo=2, routed)           0.574    11.456    core/blur_pipe_1/col_inst/i___0_carry__0_i_1__0_n_0
    SLICE_X11Y26         LUT4 (Prop_lut4_I0_O)        0.124    11.580 r  core/blur_pipe_1/col_inst/i___0_carry__0_i_5__0/O
                         net (fo=1, routed)           0.000    11.580    core/blur_pipe_1/col_inst/i___0_carry__0_i_5__0_n_0
    SLICE_X11Y26         CARRY4 (Prop_carry4_S[3]_CO[3])
                                                      0.401    11.981 r  core/blur_pipe_1/col_inst/sum0_inferred__0/i___0_carry__0/CO[3]
                         net (fo=1, routed)           0.000    11.981    core/blur_pipe_1/col_inst/sum0_inferred__0/i___0_carry__0_n_0
    SLICE_X11Y27         CARRY4 (Prop_carry4_CI_O[0])
                                                      0.223    12.204 r  core/blur_pipe_1/col_inst/sum0_inferred__0/i___0_carry__1/O[0]
                         net (fo=1, routed)           0.000    12.204    core/blur_pipe_1/col_inst/sum0[8]
    SLICE_X11Y27         FDRE                                         r  core/blur_pipe_1/col_inst/sum_reg[8]/D
  -------------------------------------------------------------------    -------------------

                         (clock sys_clk_pin rise edge)
                                                     10.000    10.000 r  
    W5                                                0.000    10.000 r  clk (IN)
                         net (fo=0)                   0.000    10.000    clk
    W5                   IBUF (Prop_ibuf_I_O)         1.388    11.388 r  clk_IBUF_inst/O
                         net (fo=1, routed)           1.862    13.250    clk_IBUF
    BUFGCTRL_X0Y0        BUFG (Prop_bufg_I_O)         0.091    13.341 r  clk_IBUF_BUFG_inst/O
                         net (fo=656, routed)         1.437    14.778    core/blur_pipe_1/col_inst/clk_IBUF_BUFG
    SLICE_X11Y27         FDRE                                         r  core/blur_pipe_1/col_inst/sum_reg[8]/C
                         clock pessimism              0.260    15.038    
                         clock uncertainty           -0.035    15.003    
    SLICE_X11Y27         FDRE (Setup_fdre_C_D)        0.062    15.065    core/blur_pipe_1/col_inst/sum_reg[8]
  -------------------------------------------------------------------
                         required time                         15.065    
                         arrival time                         -12.204    
  -------------------------------------------------------------------
                         slack                                  2.861    

Slack (MET) :             2.903ns  (required time - arrival time)
  Source:                 core/blur_pipe_1/row_inst/t2_reg[1]/C
                            (rising edge-triggered cell FDRE clocked by sys_clk_pin  {rise@0.000ns fall@5.000ns period=10.000ns})
  Destination:            core/blur_pipe_1/row_inst/sum_reg[9]/D
                            (rising edge-triggered cell FDRE clocked by sys_clk_pin  {rise@0.000ns fall@5.000ns period=10.000ns})
  Path Group:             sys_clk_pin
  Path Type:              Setup (Max at Slow Process Corner)
  Requirement:            10.000ns  (sys_clk_pin rise@10.000ns - sys_clk_pin rise@0.000ns)
  Data Path Delay:        7.145ns  (logic 3.943ns (55.189%)  route 3.202ns (44.811%))
  Logic Levels:           10  (CARRY4=6 LUT1=1 LUT3=1 LUT4=1 LUT6=1)
  Clock Path Skew:        -0.026ns (DCD - SCD + CPR)
    Destination Clock Delay (DCD):    4.852ns = ( 14.852 - 10.000 ) 
    Source Clock Delay      (SCD):    5.151ns
    Clock Pessimism Removal (CPR):    0.273ns
  Clock Uncertainty:      0.035ns  ((TSJ^2 + TIJ^2)^1/2 + DJ) / 2 + PE
    Total System Jitter     (TSJ):    0.071ns
    Total Input Jitter      (TIJ):    0.000ns
    Discrete Jitter          (DJ):    0.000ns
    Phase Error              (PE):    0.000ns

    Location             Delay type                Incr(ns)  Path(ns)    Netlist Resource(s)
  -------------------------------------------------------------------    -------------------
                         (clock sys_clk_pin rise edge)
                                                      0.000     0.000 r  
    W5                                                0.000     0.000 r  clk (IN)
                         net (fo=0)                   0.000     0.000    clk
    W5                   IBUF (Prop_ibuf_I_O)         1.458     1.458 r  clk_IBUF_inst/O
                         net (fo=1, routed)           1.967     3.425    clk_IBUF
    BUFGCTRL_X0Y0        BUFG (Prop_bufg_I_O)         0.096     3.521 r  clk_IBUF_BUFG_inst/O
                         net (fo=656, routed)         1.630     5.151    core/blur_pipe_1/row_inst/clk_IBUF_BUFG
    SLICE_X4Y14          FDRE                                         r  core/blur_pipe_1/row_inst/t2_reg[1]/C
  -------------------------------------------------------------------    -------------------
    SLICE_X4Y14          FDRE (Prop_fdre_C_Q)         0.456     5.607 f  core/blur_pipe_1/row_inst/t2_reg[1]/Q
                         net (fo=6, routed)           0.741     6.349    core/blur_pipe_1/row_inst/t2[1]
    SLICE_X4Y13          LUT1 (Prop_lut1_I0_O)        0.124     6.473 r  core/blur_pipe_1/row_inst/sum3_carry_i_3/O
                         net (fo=1, routed)           0.000     6.473    core/blur_pipe_1/row_inst/sum3_carry_i_3_n_0
    SLICE_X4Y13          CARRY4 (Prop_carry4_S[1]_O[2])
                                                      0.580     7.053 r  core/blur_pipe_1/row_inst/sum3_carry/O[2]
                         net (fo=2, routed)           0.934     7.987    core/blur_pipe_1/row_inst/sum3[3]
    SLICE_X7Y13          CARRY4 (Prop_carry4_DI[2]_O[3])
                                                      0.616     8.603 r  core/blur_pipe_1/row_inst/i___0_carry_i_17/O[3]
                         net (fo=2, routed)           0.455     9.058    core/blur_pipe_1/row_inst/sum0[4]
    SLICE_X5Y13          LUT6 (Prop_lut6_I5_O)        0.306     9.364 r  core/blur_pipe_1/row_inst/i___0_carry_i_18/O
                         net (fo=1, routed)           0.000     9.364    core/blur_pipe_1/row_inst/i___0_carry_i_18_n_0
    SLICE_X5Y13          CARRY4 (Prop_carry4_S[3]_CO[3])
                                                      0.401     9.765 r  core/blur_pipe_1/row_inst/i___0_carry_i_9/CO[3]
                         net (fo=1, routed)           0.000     9.765    core/blur_pipe_1/row_inst/i___0_carry_i_9_n_0
    SLICE_X5Y14          CARRY4 (Prop_carry4_CI_O[1])
                                                      0.334    10.099 r  core/blur_pipe_1/row_inst/i___0_carry__1_i_1/O[1]
                         net (fo=2, routed)           0.460    10.559    core/blur_pipe_1/row_inst/i___0_carry__1_i_1_n_6
    SLICE_X3Y14          LUT3 (Prop_lut3_I1_O)        0.303    10.862 r  core/blur_pipe_1/row_inst/i___0_carry__0_i_1/O
                         net (fo=2, routed)           0.611    11.473    core/blur_pipe_1/row_inst/i___0_carry__0_i_1_n_0
    SLICE_X6Y14          LUT4 (Prop_lut4_I0_O)        0.124    11.597 r  core/blur_pipe_1/row_inst/i___0_carry__0_i_5/O
                         net (fo=1, routed)           0.000    11.597    core/blur_pipe_1/row_inst/i___0_carry__0_i_5_n_0
    SLICE_X6Y14          CARRY4 (Prop_carry4_S[3]_CO[3])
                                                      0.376    11.973 r  core/blur_pipe_1/row_inst/sum0_inferred__0/i___0_carry__0/CO[3]
                         net (fo=1, routed)           0.000    11.973    core/blur_pipe_1/row_inst/sum0_inferred__0/i___0_carry__0_n_0
    SLICE_X6Y15          CARRY4 (Prop_carry4_CI_O[1])
                                                      0.323    12.296 r  core/blur_pipe_1/row_inst/sum0_inferred__0/i___0_carry__1/O[1]
                         net (fo=1, routed)           0.000    12.296    core/blur_pipe_1/row_inst/sum0_0[9]
    SLICE_X6Y15          FDRE                                         r  core/blur_pipe_1/row_inst/sum_reg[9]/D
  -------------------------------------------------------------------    -------------------

                         (clock sys_clk_pin rise edge)
                                                     10.000    10.000 r  
    W5                                                0.000    10.000 r  clk (IN)
                         net (fo=0)                   0.000    10.000    clk
    W5                   IBUF (Prop_ibuf_I_O)         1.388    11.388 r  clk_IBUF_inst/O
                         net (fo=1, routed)           1.862    13.250    clk_IBUF
    BUFGCTRL_X0Y0        BUFG (Prop_bufg_I_O)         0.091    13.341 r  clk_IBUF_BUFG_inst/O
                         net (fo=656, routed)         1.511    14.852    core/blur_pipe_1/row_inst/clk_IBUF_BUFG
    SLICE_X6Y15          FDRE                                         r  core/blur_pipe_1/row_inst/sum_reg[9]/C
                         clock pessimism              0.273    15.125    
                         clock uncertainty           -0.035    15.090    
    SLICE_X6Y15          FDRE (Setup_fdre_C_D)        0.109    15.199    core/blur_pipe_1/row_inst/sum_reg[9]
  -------------------------------------------------------------------
                         required time                         15.199    
                         arrival time                         -12.296    
  -------------------------------------------------------------------
                         slack                                  2.903    

Slack (MET) :             2.911ns  (required time - arrival time)
  Source:                 core/blur_pipe_1/row_inst/t2_reg[1]/C
                            (rising edge-triggered cell FDRE clocked by sys_clk_pin  {rise@0.000ns fall@5.000ns period=10.000ns})
  Destination:            core/blur_pipe_1/row_inst/sum_reg[11]/D
                            (rising edge-triggered cell FDRE clocked by sys_clk_pin  {rise@0.000ns fall@5.000ns period=10.000ns})
  Path Group:             sys_clk_pin
  Path Type:              Setup (Max at Slow Process Corner)
  Requirement:            10.000ns  (sys_clk_pin rise@10.000ns - sys_clk_pin rise@0.000ns)
  Data Path Delay:        7.137ns  (logic 3.935ns (55.139%)  route 3.202ns (44.862%))
  Logic Levels:           10  (CARRY4=6 LUT1=1 LUT3=1 LUT4=1 LUT6=1)
  Clock Path Skew:        -0.026ns (DCD - SCD + CPR)
    Destination Clock Delay (DCD):    4.852ns = ( 14.852 - 10.000 ) 
    Source Clock Delay      (SCD):    5.151ns
    Clock Pessimism Removal (CPR):    0.273ns
  Clock Uncertainty:      0.035ns  ((TSJ^2 + TIJ^2)^1/2 + DJ) / 2 + PE
    Total System Jitter     (TSJ):    0.071ns
    Total Input Jitter      (TIJ):    0.000ns
    Discrete Jitter          (DJ):    0.000ns
    Phase Error              (PE):    0.000ns

    Location             Delay type                Incr(ns)  Path(ns)    Netlist Resource(s)
  -------------------------------------------------------------------    -------------------
                         (clock sys_clk_pin rise edge)
                                                      0.000     0.000 r  
    W5                                                0.000     0.000 r  clk (IN)
                         net (fo=0)                   0.000     0.000    clk
    W5                   IBUF (Prop_ibuf_I_O)         1.458     1.458 r  clk_IBUF_inst/O
                         net (fo=1, routed)           1.967     3.425    clk_IBUF
    BUFGCTRL_X0Y0        BUFG (Prop_bufg_I_O)         0.096     3.521 r  clk_IBUF_BUFG_inst/O
                         net (fo=656, routed)         1.630     5.151    core/blur_pipe_1/row_inst/clk_IBUF_BUFG
    SLICE_X4Y14          FDRE                                         r  core/blur_pipe_1/row_inst/t2_reg[1]/C
  -------------------------------------------------------------------    -------------------
    SLICE_X4Y14          FDRE (Prop_fdre_C_Q)         0.456     5.607 f  core/blur_pipe_1/row_inst/t2_reg[1]/Q
                         net (fo=6, routed)           0.741     6.349    core/blur_pipe_1/row_inst/t2[1]
    SLICE_X4Y13          LUT1 (Prop_lut1_I0_O)        0.124     6.473 r  core/blur_pipe_1/row_inst/sum3_carry_i_3/O
                         net (fo=1, routed)           0.000     6.473    core/blur_pipe_1/row_inst/sum3_carry_i_3_n_0
    SLICE_X4Y13          CARRY4 (Prop_carry4_S[1]_O[2])
                                                      0.580     7.053 r  core/blur_pipe_1/row_inst/sum3_carry/O[2]
                         net (fo=2, routed)           0.934     7.987    core/blur_pipe_1/row_inst/sum3[3]
    SLICE_X7Y13          CARRY4 (Prop_carry4_DI[2]_O[3])
                                                      0.616     8.603 r  core/blur_pipe_1/row_inst/i___0_carry_i_17/O[3]
                         net (fo=2, routed)           0.455     9.058    core/blur_pipe_1/row_inst/sum0[4]
    SLICE_X5Y13          LUT6 (Prop_lut6_I5_O)        0.306     9.364 r  core/blur_pipe_1/row_inst/i___0_carry_i_18/O
                         net (fo=1, routed)           0.000     9.364    core/blur_pipe_1/row_inst/i___0_carry_i_18_n_0
    SLICE_X5Y13          CARRY4 (Prop_carry4_S[3]_CO[3])
                                                      0.401     9.765 r  core/blur_pipe_1/row_inst/i___0_carry_i_9/CO[3]
                         net (fo=1, routed)           0.000     9.765    core/blur_pipe_1/row_inst/i___0_carry_i_9_n_0
    SLICE_X5Y14          CARRY4 (Prop_carry4_CI_O[1])
                                                      0.334    10.099 r  core/blur_pipe_1/row_inst/i___0_carry__1_i_1/O[1]
                         net (fo=2, routed)           0.460    10.559    core/blur_pipe_1/row_inst/i___0_carry__1_i_1_n_6
    SLICE_X3Y14          LUT3 (Prop_lut3_I1_O)        0.303    10.862 r  core/blur_pipe_1/row_inst/i___0_carry__0_i_1/O
                         net (fo=2, routed)           0.611    11.473    core/blur_pipe_1/row_inst/i___0_carry__0_i_1_n_0
    SLICE_X6Y14          LUT4 (Prop_lut4_I0_O)        0.124    11.597 r  core/blur_pipe_1/row_inst/i___0_carry__0_i_5/O
                         net (fo=1, routed)           0.000    11.597    core/blur_pipe_1/row_inst/i___0_carry__0_i_5_n_0
    SLICE_X6Y14          CARRY4 (Prop_carry4_S[3]_CO[3])
                                                      0.376    11.973 r  core/blur_pipe_1/row_inst/sum0_inferred__0/i___0_carry__0/CO[3]
                         net (fo=1, routed)           0.000    11.973    core/blur_pipe_1/row_inst/sum0_inferred__0/i___0_carry__0_n_0
    SLICE_X6Y15          CARRY4 (Prop_carry4_CI_O[3])
                                                      0.315    12.288 r  core/blur_pipe_1/row_inst/sum0_inferred__0/i___0_carry__1/O[3]
                         net (fo=1, routed)           0.000    12.288    core/blur_pipe_1/row_inst/sum0_0[11]
    SLICE_X6Y15          FDRE                                         r  core/blur_pipe_1/row_inst/sum_reg[11]/D
  -------------------------------------------------------------------    -------------------

                         (clock sys_clk_pin rise edge)
                                                     10.000    10.000 r  
    W5                                                0.000    10.000 r  clk (IN)
                         net (fo=0)                   0.000    10.000    clk
    W5                   IBUF (Prop_ibuf_I_O)         1.388    11.388 r  clk_IBUF_inst/O
                         net (fo=1, routed)           1.862    13.250    clk_IBUF
    BUFGCTRL_X0Y0        BUFG (Prop_bufg_I_O)         0.091    13.341 r  clk_IBUF_BUFG_inst/O
                         net (fo=656, routed)         1.511    14.852    core/blur_pipe_1/row_inst/clk_IBUF_BUFG
    SLICE_X6Y15          FDRE                                         r  core/blur_pipe_1/row_inst/sum_reg[11]/C
                         clock pessimism              0.273    15.125    
                         clock uncertainty           -0.035    15.090    
    SLICE_X6Y15          FDRE (Setup_fdre_C_D)        0.109    15.199    core/blur_pipe_1/row_inst/sum_reg[11]
  -------------------------------------------------------------------
                         required time                         15.199    
                         arrival time                         -12.288    
  -------------------------------------------------------------------
                         slack                                  2.911    

Slack (MET) :             2.987ns  (required time - arrival time)
  Source:                 core/blur_pipe_1/row_inst/t2_reg[1]/C
                            (rising edge-triggered cell FDRE clocked by sys_clk_pin  {rise@0.000ns fall@5.000ns period=10.000ns})
  Destination:            core/blur_pipe_1/row_inst/sum_reg[10]/D
                            (rising edge-triggered cell FDRE clocked by sys_clk_pin  {rise@0.000ns fall@5.000ns period=10.000ns})
  Path Group:             sys_clk_pin
  Path Type:              Setup (Max at Slow Process Corner)
  Requirement:            10.000ns  (sys_clk_pin rise@10.000ns - sys_clk_pin rise@0.000ns)
  Data Path Delay:        7.061ns  (logic 3.859ns (54.656%)  route 3.202ns (45.344%))
  Logic Levels:           10  (CARRY4=6 LUT1=1 LUT3=1 LUT4=1 LUT6=1)
  Clock Path Skew:        -0.026ns (DCD - SCD + CPR)
    Destination Clock Delay (DCD):    4.852ns = ( 14.852 - 10.000 ) 
    Source Clock Delay      (SCD):    5.151ns
    Clock Pessimism Removal (CPR):    0.273ns
  Clock Uncertainty:      0.035ns  ((TSJ^2 + TIJ^2)^1/2 + DJ) / 2 + PE
    Total System Jitter     (TSJ):    0.071ns
    Total Input Jitter      (TIJ):    0.000ns
    Discrete Jitter          (DJ):    0.000ns
    Phase Error              (PE):    0.000ns

    Location             Delay type                Incr(ns)  Path(ns)    Netlist Resource(s)
  -------------------------------------------------------------------    -------------------
                         (clock sys_clk_pin rise edge)
                                                      0.000     0.000 r  
    W5                                                0.000     0.000 r  clk (IN)
                         net (fo=0)                   0.000     0.000    clk
    W5                   IBUF (Prop_ibuf_I_O)         1.458     1.458 r  clk_IBUF_inst/O
                         net (fo=1, routed)           1.967     3.425    clk_IBUF
    BUFGCTRL_X0Y0        BUFG (Prop_bufg_I_O)         0.096     3.521 r  clk_IBUF_BUFG_inst/O
                         net (fo=656, routed)         1.630     5.151    core/blur_pipe_1/row_inst/clk_IBUF_BUFG
    SLICE_X4Y14          FDRE                                         r  core/blur_pipe_1/row_inst/t2_reg[1]/C
  -------------------------------------------------------------------    -------------------
    SLICE_X4Y14          FDRE (Prop_fdre_C_Q)         0.456     5.607 f  core/blur_pipe_1/row_inst/t2_reg[1]/Q
                         net (fo=6, routed)           0.741     6.349    core/blur_pipe_1/row_inst/t2[1]
    SLICE_X4Y13          LUT1 (Prop_lut1_I0_O)        0.124     6.473 r  core/blur_pipe_1/row_inst/sum3_carry_i_3/O
                         net (fo=1, routed)           0.000     6.473    core/blur_pipe_1/row_inst/sum3_carry_i_3_n_0
    SLICE_X4Y13          CARRY4 (Prop_carry4_S[1]_O[2])
                                                      0.580     7.053 r  core/blur_pipe_1/row_inst/sum3_carry/O[2]
                         net (fo=2, routed)           0.934     7.987    core/blur_pipe_1/row_inst/sum3[3]
    SLICE_X7Y13          CARRY4 (Prop_carry4_DI[2]_O[3])
                                                      0.616     8.603 r  core/blur_pipe_1/row_inst/i___0_carry_i_17/O[3]
                         net (fo=2, routed)           0.455     9.058    core/blur_pipe_1/row_inst/sum0[4]
    SLICE_X5Y13          LUT6 (Prop_lut6_I5_O)        0.306     9.364 r  core/blur_pipe_1/row_inst/i___0_carry_i_18/O
                         net (fo=1, routed)           0.000     9.364    core/blur_pipe_1/row_inst/i___0_carry_i_18_n_0
    SLICE_X5Y13          CARRY4 (Prop_carry4_S[3]_CO[3])
                                                      0.401     9.765 r  core/blur_pipe_1/row_inst/i___0_carry_i_9/CO[3]
                         net (fo=1, routed)           0.000     9.765    core/blur_pipe_1/row_inst/i___0_carry_i_9_n_0
    SLICE_X5Y14          CARRY4 (Prop_carry4_CI_O[1])
                                                      0.334    10.099 r  core/blur_pipe_1/row_inst/i___0_carry__1_i_1/O[1]
                         net (fo=2, routed)           0.460    10.559    core/blur_pipe_1/row_inst/i___0_carry__1_i_1_n_6
    SLICE_X3Y14          LUT3 (Prop_lut3_I1_O)        0.303    10.862 r  core/blur_pipe_1/row_inst/i___0_carry__0_i_1/O
                         net (fo=2, routed)           0.611    11.473    core/blur_pipe_1/row_inst/i___0_carry__0_i_1_n_0
    SLICE_X6Y14          LUT4 (Prop_lut4_I0_O)        0.124    11.597 r  core/blur_pipe_1/row_inst/i___0_carry__0_i_5/O
                         net (fo=1, routed)           0.000    11.597    core/blur_pipe_1/row_inst/i___0_carry__0_i_5_n_0
    SLICE_X6Y14          CARRY4 (Prop_carry4_S[3]_CO[3])
                                                      0.376    11.973 r  core/blur_pipe_1/row_inst/sum0_inferred__0/i___0_carry__0/CO[3]
                         net (fo=1, routed)           0.000    11.973    core/blur_pipe_1/row_inst/sum0_inferred__0/i___0_carry__0_n_0
    SLICE_X6Y15          CARRY4 (Prop_carry4_CI_O[2])
                                                      0.239    12.212 r  core/blur_pipe_1/row_inst/sum0_inferred__0/i___0_carry__1/O[2]
                         net (fo=1, routed)           0.000    12.212    core/blur_pipe_1/row_inst/sum0_0[10]
    SLICE_X6Y15          FDRE                                         r  core/blur_pipe_1/row_inst/sum_reg[10]/D
  -------------------------------------------------------------------    -------------------

                         (clock sys_clk_pin rise edge)
                                                     10.000    10.000 r  
    W5                                                0.000    10.000 r  clk (IN)
                         net (fo=0)                   0.000    10.000    clk
    W5                   IBUF (Prop_ibuf_I_O)         1.388    11.388 r  clk_IBUF_inst/O
                         net (fo=1, routed)           1.862    13.250    clk_IBUF
    BUFGCTRL_X0Y0        BUFG (Prop_bufg_I_O)         0.091    13.341 r  clk_IBUF_BUFG_inst/O
                         net (fo=656, routed)         1.511    14.852    core/blur_pipe_1/row_inst/clk_IBUF_BUFG
    SLICE_X6Y15          FDRE                                         r  core/blur_pipe_1/row_inst/sum_reg[10]/C
                         clock pessimism              0.273    15.125    
                         clock uncertainty           -0.035    15.090    
    SLICE_X6Y15          FDRE (Setup_fdre_C_D)        0.109    15.199    core/blur_pipe_1/row_inst/sum_reg[10]
  -------------------------------------------------------------------
                         required time                         15.199    
                         arrival time                         -12.212    
  -------------------------------------------------------------------
                         slack                                  2.987    

Slack (MET) :             3.007ns  (required time - arrival time)
  Source:                 core/blur_pipe_1/row_inst/t2_reg[1]/C
                            (rising edge-triggered cell FDRE clocked by sys_clk_pin  {rise@0.000ns fall@5.000ns period=10.000ns})
  Destination:            core/blur_pipe_1/row_inst/sum_reg[8]/D
                            (rising edge-triggered cell FDRE clocked by sys_clk_pin  {rise@0.000ns fall@5.000ns period=10.000ns})
  Path Group:             sys_clk_pin
  Path Type:              Setup (Max at Slow Process Corner)
  Requirement:            10.000ns  (sys_clk_pin rise@10.000ns - sys_clk_pin rise@0.000ns)
  Data Path Delay:        7.041ns  (logic 3.839ns (54.527%)  route 3.202ns (45.473%))
  Logic Levels:           10  (CARRY4=6 LUT1=1 LUT3=1 LUT4=1 LUT6=1)
  Clock Path Skew:        -0.026ns (DCD - SCD + CPR)
    Destination Clock Delay (DCD):    4.852ns = ( 14.852 - 10.000 ) 
    Source Clock Delay      (SCD):    5.151ns
    Clock Pessimism Removal (CPR):    0.273ns
  Clock Uncertainty:      0.035ns  ((TSJ^2 + TIJ^2)^1/2 + DJ) / 2 + PE
    Total System Jitter     (TSJ):    0.071ns
    Total Input Jitter      (TIJ):    0.000ns
    Discrete Jitter          (DJ):    0.000ns
    Phase Error              (PE):    0.000ns

    Location             Delay type                Incr(ns)  Path(ns)    Netlist Resource(s)
  -------------------------------------------------------------------    -------------------
                         (clock sys_clk_pin rise edge)
                                                      0.000     0.000 r  
    W5                                                0.000     0.000 r  clk (IN)
                         net (fo=0)                   0.000     0.000    clk
    W5                   IBUF (Prop_ibuf_I_O)         1.458     1.458 r  clk_IBUF_inst/O
                         net (fo=1, routed)           1.967     3.425    clk_IBUF
    BUFGCTRL_X0Y0        BUFG (Prop_bufg_I_O)         0.096     3.521 r  clk_IBUF_BUFG_inst/O
                         net (fo=656, routed)         1.630     5.151    core/blur_pipe_1/row_inst/clk_IBUF_BUFG
    SLICE_X4Y14          FDRE                                         r  core/blur_pipe_1/row_inst/t2_reg[1]/C
  -------------------------------------------------------------------    -------------------
    SLICE_X4Y14          FDRE (Prop_fdre_C_Q)         0.456     5.607 f  core/blur_pipe_1/row_inst/t2_reg[1]/Q
                         net (fo=6, routed)           0.741     6.349    core/blur_pipe_1/row_inst/t2[1]
    SLICE_X4Y13          LUT1 (Prop_lut1_I0_O)        0.124     6.473 r  core/blur_pipe_1/row_inst/sum3_carry_i_3/O
                         net (fo=1, routed)           0.000     6.473    core/blur_pipe_1/row_inst/sum3_carry_i_3_n_0
    SLICE_X4Y13          CARRY4 (Prop_carry4_S[1]_O[2])
                                                      0.580     7.053 r  core/blur_pipe_1/row_inst/sum3_carry/O[2]
                         net (fo=2, routed)           0.934     7.987    core/blur_pipe_1/row_inst/sum3[3]
    SLICE_X7Y13          CARRY4 (Prop_carry4_DI[2]_O[3])
                                                      0.616     8.603 r  core/blur_pipe_1/row_inst/i___0_carry_i_17/O[3]
                         net (fo=2, routed)           0.455     9.058    core/blur_pipe_1/row_inst/sum0[4]
    SLICE_X5Y13          LUT6 (Prop_lut6_I5_O)        0.306     9.364 r  core/blur_pipe_1/row_inst/i___0_carry_i_18/O
                         net (fo=1, routed)           0.000     9.364    core/blur_pipe_1/row_inst/i___0_carry_i_18_n_0
    SLICE_X5Y13          CARRY4 (Prop_carry4_S[3]_CO[3])
                                                      0.401     9.765 r  core/blur_pipe_1/row_inst/i___0_carry_i_9/CO[3]
                         net (fo=1, routed)           0.000     9.765    core/blur_pipe_1/row_inst/i___0_carry_i_9_n_0
    SLICE_X5Y14          CARRY4 (Prop_carry4_CI_O[1])
                                                      0.334    10.099 r  core/blur_pipe_1/row_inst/i___0_carry__1_i_1/O[1]
                         net (fo=2, routed)           0.460    10.559    core/blur_pipe_1/row_inst/i___0_carry__1_i_1_n_6
    SLICE_X3Y14          LUT3 (Prop_lut3_I1_O)        0.303    10.862 r  core/blur_pipe_1/row_inst/i___0_carry__0_i_1/O
                         net (fo=2, routed)           0.611    11.473    core/blur_pipe_1/row_inst/i___0_carry__0_i_1_n_0
    SLICE_X6Y14          LUT4 (Prop_lut4_I0_O)        0.124    11.597 r  core/blur_pipe_1/row_inst/i___0_carry__0_i_5/O
                         net (fo=1, routed)           0.000    11.597    core/blur_pipe_1/row_inst/i___0_carry__0_i_5_n_0
    SLICE_X6Y14          CARRY4 (Prop_carry4_S[3]_CO[3])
                                                      0.376    11.973 r  core/blur_pipe_1/row_inst/sum0_inferred__0/i___0_carry__0/CO[3]
                         net (fo=1, routed)           0.000    11.973    core/blur_pipe_1/row_inst/sum0_inferred__0/i___0_carry__0_n_0
    SLICE_X6Y15          CARRY4 (Prop_carry4_CI_O[0])
                                                      0.219    12.192 r  core/blur_pipe_1/row_inst/sum0_inferred__0/i___0_carry__1/O[0]
                         net (fo=1, routed)           0.000    12.192    core/blur_pipe_1/row_inst/sum0_0[8]
    SLICE_X6Y15          FDRE                                         r  core/blur_pipe_1/row_inst/sum_reg[8]/D
  -------------------------------------------------------------------    -------------------

                         (clock sys_clk_pin rise edge)
                                                     10.000    10.000 r  
    W5                                                0.000    10.000 r  clk (IN)
                         net (fo=0)                   0.000    10.000    clk
    W5                   IBUF (Prop_ibuf_I_O)         1.388    11.388 r  clk_IBUF_inst/O
                         net (fo=1, routed)           1.862    13.250    clk_IBUF
    BUFGCTRL_X0Y0        BUFG (Prop_bufg_I_O)         0.091    13.341 r  clk_IBUF_BUFG_inst/O
                         net (fo=656, routed)         1.511    14.852    core/blur_pipe_1/row_inst/clk_IBUF_BUFG
    SLICE_X6Y15          FDRE                                         r  core/blur_pipe_1/row_inst/sum_reg[8]/C
                         clock pessimism              0.273    15.125    
                         clock uncertainty           -0.035    15.090    
    SLICE_X6Y15          FDRE (Setup_fdre_C_D)        0.109    15.199    core/blur_pipe_1/row_inst/sum_reg[8]
  -------------------------------------------------------------------
                         required time                         15.199    
                         arrival time                         -12.192    
  -------------------------------------------------------------------
                         slack                                  3.007    

Slack (MET) :             3.129ns  (required time - arrival time)
  Source:                 core/blur_pipe_1/col_inst/t2_reg[0]/C
                            (rising edge-triggered cell FDRE clocked by sys_clk_pin  {rise@0.000ns fall@5.000ns period=10.000ns})
  Destination:            core/blur_pipe_1/col_inst/sum_reg[7]/D
                            (rising edge-triggered cell FDRE clocked by sys_clk_pin  {rise@0.000ns fall@5.000ns period=10.000ns})
  Path Group:             sys_clk_pin
  Path Type:              Setup (Max at Slow Process Corner)
  Requirement:            10.000ns  (sys_clk_pin rise@10.000ns - sys_clk_pin rise@0.000ns)
  Data Path Delay:        6.863ns  (logic 3.709ns (54.045%)  route 3.154ns (45.955%))
  Logic Levels:           8  (CARRY4=4 LUT2=1 LUT3=1 LUT4=1 LUT6=1)
  Clock Path Skew:        -0.035ns (DCD - SCD + CPR)
    Destination Clock Delay (DCD):    4.777ns = ( 14.777 - 10.000 ) 
    Source Clock Delay      (SCD):    5.072ns
    Clock Pessimism Removal (CPR):    0.260ns
  Clock Uncertainty:      0.035ns  ((TSJ^2 + TIJ^2)^1/2 + DJ) / 2 + PE
    Total System Jitter     (TSJ):    0.071ns
    Total Input Jitter      (TIJ):    0.000ns
    Discrete Jitter          (DJ):    0.000ns
    Phase Error              (PE):    0.000ns

    Location             Delay type                Incr(ns)  Path(ns)    Netlist Resource(s)
  -------------------------------------------------------------------    -------------------
                         (clock sys_clk_pin rise edge)
                                                      0.000     0.000 r  
    W5                                                0.000     0.000 r  clk (IN)
                         net (fo=0)                   0.000     0.000    clk
    W5                   IBUF (Prop_ibuf_I_O)         1.458     1.458 r  clk_IBUF_inst/O
                         net (fo=1, routed)           1.967     3.425    clk_IBUF
    BUFGCTRL_X0Y0        BUFG (Prop_bufg_I_O)         0.096     3.521 r  clk_IBUF_BUFG_inst/O
                         net (fo=656, routed)         1.551     5.072    core/blur_pipe_1/col_inst/clk_IBUF_BUFG
    SLICE_X15Y23         FDRE                                         r  core/blur_pipe_1/col_inst/t2_reg[0]/C
  -------------------------------------------------------------------    -------------------
    SLICE_X15Y23         FDRE (Prop_fdre_C_Q)         0.456     5.528 r  core/blur_pipe_1/col_inst/t2_reg[0]/Q
                         net (fo=5, routed)           0.500     6.028    core/blur_pipe_1/col_inst/t2[0]
    SLICE_X14Y25         CARRY4 (Prop_carry4_S[0]_O[1])
                                                      0.551     6.579 r  core/blur_pipe_1/col_inst/sum3_carry/O[1]
                         net (fo=2, routed)           0.728     7.307    core/blur_pipe_1/col_inst/sum3[2]
    SLICE_X13Y25         LUT2 (Prop_lut2_I0_O)        0.306     7.613 r  core/blur_pipe_1/col_inst/i___0_carry_i_25/O
                         net (fo=1, routed)           0.000     7.613    core/blur_pipe_1/col_inst/i___0_carry_i_25_n_0
    SLICE_X13Y25         CARRY4 (Prop_carry4_S[1]_O[2])
                                                      0.580     8.193 r  core/blur_pipe_1/col_inst/i___0_carry_i_18/O[2]
                         net (fo=2, routed)           0.504     8.697    core/blur_pipe_1/col_inst/C[3]
    SLICE_X12Y25         LUT6 (Prop_lut6_I5_O)        0.302     8.999 r  core/blur_pipe_1/col_inst/i___0_carry_i_20/O
                         net (fo=1, routed)           0.000     8.999    core/blur_pipe_1/col_inst/i___0_carry_i_20_n_0
    SLICE_X12Y25         CARRY4 (Prop_carry4_S[2]_O[2])
                                                      0.250     9.249 r  core/blur_pipe_1/col_inst/i___0_carry_i_9__0/O[2]
                         net (fo=2, routed)           0.844    10.092    core/blur_pipe_1/col_inst/i___0_carry_i_9__0_n_5
    SLICE_X11Y25         LUT3 (Prop_lut3_I1_O)        0.326    10.418 r  core/blur_pipe_1/col_inst/i___0_carry__0_i_4__0/O
                         net (fo=2, routed)           0.579    10.997    core/blur_pipe_1/col_inst/i___0_carry__0_i_4__0_n_0
    SLICE_X11Y26         LUT4 (Prop_lut4_I3_O)        0.332    11.329 r  core/blur_pipe_1/col_inst/i___0_carry__0_i_8__0/O
                         net (fo=1, routed)           0.000    11.329    core/blur_pipe_1/col_inst/i___0_carry__0_i_8__0_n_0
    SLICE_X11Y26         CARRY4 (Prop_carry4_S[0]_O[3])
                                                      0.606    11.935 r  core/blur_pipe_1/col_inst/sum0_inferred__0/i___0_carry__0/O[3]
                         net (fo=1, routed)           0.000    11.935    core/blur_pipe_1/col_inst/sum0[7]
    SLICE_X11Y26         FDRE                                         r  core/blur_pipe_1/col_inst/sum_reg[7]/D
  -------------------------------------------------------------------    -------------------

                         (clock sys_clk_pin rise edge)
                                                     10.000    10.000 r  
    W5                                                0.000    10.000 r  clk (IN)
                         net (fo=0)                   0.000    10.000    clk
    W5                   IBUF (Prop_ibuf_I_O)         1.388    11.388 r  clk_IBUF_inst/O
                         net (fo=1, routed)           1.862    13.250    clk_IBUF
    BUFGCTRL_X0Y0        BUFG (Prop_bufg_I_O)         0.091    13.341 r  clk_IBUF_BUFG_inst/O
                         net (fo=656, routed)         1.436    14.777    core/blur_pipe_1/col_inst/clk_IBUF_BUFG
    SLICE_X11Y26         FDRE                                         r  core/blur_pipe_1/col_inst/sum_reg[7]/C
                         clock pessimism              0.260    15.037    
                         clock uncertainty           -0.035    15.002    
    SLICE_X11Y26         FDRE (Setup_fdre_C_D)        0.062    15.064    core/blur_pipe_1/col_inst/sum_reg[7]
  -------------------------------------------------------------------
                         required time                         15.064    
                         arrival time                         -11.935    
  -------------------------------------------------------------------
                         slack                                  3.129    

Slack (MET) :             3.188ns  (required time - arrival time)
  Source:                 core/blur_pipe_1/col_inst/t2_reg[0]/C
                            (rising edge-triggered cell FDRE clocked by sys_clk_pin  {rise@0.000ns fall@5.000ns period=10.000ns})
  Destination:            core/blur_pipe_1/col_inst/sum_reg[6]/D
                            (rising edge-triggered cell FDRE clocked by sys_clk_pin  {rise@0.000ns fall@5.000ns period=10.000ns})
  Path Group:             sys_clk_pin
  Path Type:              Setup (Max at Slow Process Corner)
  Requirement:            10.000ns  (sys_clk_pin rise@10.000ns - sys_clk_pin rise@0.000ns)
  Data Path Delay:        6.804ns  (logic 3.650ns (53.647%)  route 3.154ns (46.353%))
  Logic Levels:           8  (CARRY4=4 LUT2=1 LUT3=1 LUT4=1 LUT6=1)
  Clock Path Skew:        -0.035ns (DCD - SCD + CPR)
    Destination Clock Delay (DCD):    4.777ns = ( 14.777 - 10.000 ) 
    Source Clock Delay      (SCD):    5.072ns
    Clock Pessimism Removal (CPR):    0.260ns
  Clock Uncertainty:      0.035ns  ((TSJ^2 + TIJ^2)^1/2 + DJ) / 2 + PE
    Total System Jitter     (TSJ):    0.071ns
    Total Input Jitter      (TIJ):    0.000ns
    Discrete Jitter          (DJ):    0.000ns
    Phase Error              (PE):    0.000ns

    Location             Delay type                Incr(ns)  Path(ns)    Netlist Resource(s)
  -------------------------------------------------------------------    -------------------
                         (clock sys_clk_pin rise edge)
                                                      0.000     0.000 r  
    W5                                                0.000     0.000 r  clk (IN)
                         net (fo=0)                   0.000     0.000    clk
    W5                   IBUF (Prop_ibuf_I_O)         1.458     1.458 r  clk_IBUF_inst/O
                         net (fo=1, routed)           1.967     3.425    clk_IBUF
    BUFGCTRL_X0Y0        BUFG (Prop_bufg_I_O)         0.096     3.521 r  clk_IBUF_BUFG_inst/O
                         net (fo=656, routed)         1.551     5.072    core/blur_pipe_1/col_inst/clk_IBUF_BUFG
    SLICE_X15Y23         FDRE                                         r  core/blur_pipe_1/col_inst/t2_reg[0]/C
  -------------------------------------------------------------------    -------------------
    SLICE_X15Y23         FDRE (Prop_fdre_C_Q)         0.456     5.528 r  core/blur_pipe_1/col_inst/t2_reg[0]/Q
                         net (fo=5, routed)           0.500     6.028    core/blur_pipe_1/col_inst/t2[0]
    SLICE_X14Y25         CARRY4 (Prop_carry4_S[0]_O[1])
                                                      0.551     6.579 r  core/blur_pipe_1/col_inst/sum3_carry/O[1]
                         net (fo=2, routed)           0.728     7.307    core/blur_pipe_1/col_inst/sum3[2]
    SLICE_X13Y25         LUT2 (Prop_lut2_I0_O)        0.306     7.613 r  core/blur_pipe_1/col_inst/i___0_carry_i_25/O
                         net (fo=1, routed)           0.000     7.613    core/blur_pipe_1/col_inst/i___0_carry_i_25_n_0
    SLICE_X13Y25         CARRY4 (Prop_carry4_S[1]_O[2])
                                                      0.580     8.193 r  core/blur_pipe_1/col_inst/i___0_carry_i_18/O[2]
                         net (fo=2, routed)           0.504     8.697    core/blur_pipe_1/col_inst/C[3]
    SLICE_X12Y25         LUT6 (Prop_lut6_I5_O)        0.302     8.999 r  core/blur_pipe_1/col_inst/i___0_carry_i_20/O
                         net (fo=1, routed)           0.000     8.999    core/blur_pipe_1/col_inst/i___0_carry_i_20_n_0
    SLICE_X12Y25         CARRY4 (Prop_carry4_S[2]_O[2])
                                                      0.250     9.249 r  core/blur_pipe_1/col_inst/i___0_carry_i_9__0/O[2]
                         net (fo=2, routed)           0.844    10.092    core/blur_pipe_1/col_inst/i___0_carry_i_9__0_n_5
    SLICE_X11Y25         LUT3 (Prop_lut3_I1_O)        0.326    10.418 r  core/blur_pipe_1/col_inst/i___0_carry__0_i_4__0/O
                         net (fo=2, routed)           0.579    10.997    core/blur_pipe_1/col_inst/i___0_carry__0_i_4__0_n_0
    SLICE_X11Y26         LUT4 (Prop_lut4_I3_O)        0.332    11.329 r  core/blur_pipe_1/col_inst/i___0_carry__0_i_8__0/O
                         net (fo=1, routed)           0.000    11.329    core/blur_pipe_1/col_inst/i___0_carry__0_i_8__0_n_0
    SLICE_X11Y26         CARRY4 (Prop_carry4_S[0]_O[2])
                                                      0.547    11.876 r  core/blur_pipe_1/col_inst/sum0_inferred__0/i___0_carry__0/O[2]
                         net (fo=1, routed)           0.000    11.876    core/blur_pipe_1/col_inst/sum0[6]
    SLICE_X11Y26         FDRE                                         r  core/blur_pipe_1/col_inst/sum_reg[6]/D
  -------------------------------------------------------------------    -------------------

                         (clock sys_clk_pin rise edge)
                                                     10.000    10.000 r  
    W5                                                0.000    10.000 r  clk (IN)
                         net (fo=0)                   0.000    10.000    clk
    W5                   IBUF (Prop_ibuf_I_O)         1.388    11.388 r  clk_IBUF_inst/O
                         net (fo=1, routed)           1.862    13.250    clk_IBUF
    BUFGCTRL_X0Y0        BUFG (Prop_bufg_I_O)         0.091    13.341 r  clk_IBUF_BUFG_inst/O
                         net (fo=656, routed)         1.436    14.777    core/blur_pipe_1/col_inst/clk_IBUF_BUFG
    SLICE_X11Y26         FDRE                                         r  core/blur_pipe_1/col_inst/sum_reg[6]/C
                         clock pessimism              0.260    15.037    
                         clock uncertainty           -0.035    15.002    
    SLICE_X11Y26         FDRE (Setup_fdre_C_D)        0.062    15.064    core/blur_pipe_1/col_inst/sum_reg[6]
  -------------------------------------------------------------------
                         required time                         15.064    
                         arrival time                         -11.876    
  -------------------------------------------------------------------
                         slack                                  3.188    





Min Delay Paths
--------------------------------------------------------------------------------------
Slack (MET) :             0.068ns  (arrival time - required time)
  Source:                 out_buf/wr_addr_reg[10]/C
                            (rising edge-triggered cell FDRE clocked by sys_clk_pin  {rise@0.000ns fall@5.000ns period=10.000ns})
  Destination:            out_buf/ram_reg_1/ADDRARDADDR[11]
                            (rising edge-triggered cell RAMB36E1 clocked by sys_clk_pin  {rise@0.000ns fall@5.000ns period=10.000ns})
  Path Group:             sys_clk_pin
  Path Type:              Hold (Min at Fast Process Corner)
  Requirement:            0.000ns  (sys_clk_pin rise@0.000ns - sys_clk_pin rise@0.000ns)
  Data Path Delay:        0.308ns  (logic 0.141ns (45.775%)  route 0.167ns (54.225%))
  Logic Levels:           0  
  Clock Path Skew:        0.057ns (DCD - SCD - CPR)
    Destination Clock Delay (DCD):    1.999ns
    Source Clock Delay      (SCD):    1.443ns
    Clock Pessimism Removal (CPR):    0.498ns

    Location             Delay type                Incr(ns)  Path(ns)    Netlist Resource(s)
  -------------------------------------------------------------------    -------------------
                         (clock sys_clk_pin rise edge)
                                                      0.000     0.000 r  
    W5                                                0.000     0.000 r  clk (IN)
                         net (fo=0)                   0.000     0.000    clk
    W5                   IBUF (Prop_ibuf_I_O)         0.226     0.226 r  clk_IBUF_inst/O
                         net (fo=1, routed)           0.631     0.858    clk_IBUF
    BUFGCTRL_X0Y0        BUFG (Prop_bufg_I_O)         0.026     0.884 r  clk_IBUF_BUFG_inst/O
                         net (fo=656, routed)         0.560     1.443    out_buf/clk_IBUF_BUFG
    SLICE_X9Y32          FDRE                                         r  out_buf/wr_addr_reg[10]/C
  -------------------------------------------------------------------    -------------------
    SLICE_X9Y32          FDRE (Prop_fdre_C_Q)         0.141     1.584 r  out_buf/wr_addr_reg[10]/Q
                         net (fo=5, routed)           0.167     1.751    out_buf/wr_addr_reg[10]
    RAMB36_X0Y6          RAMB36E1                                     r  out_buf/ram_reg_1/ADDRARDADDR[11]
  -------------------------------------------------------------------    -------------------

                         (clock sys_clk_pin rise edge)
                                                      0.000     0.000 r  
    W5                                                0.000     0.000 r  clk (IN)
                         net (fo=0)                   0.000     0.000    clk
    W5                   IBUF (Prop_ibuf_I_O)         0.414     0.414 r  clk_IBUF_inst/O
                         net (fo=1, routed)           0.685     1.099    clk_IBUF
    BUFGCTRL_X0Y0        BUFG (Prop_bufg_I_O)         0.029     1.128 r  clk_IBUF_BUFG_inst/O
                         net (fo=656, routed)         0.871     1.999    out_buf/clk_IBUF_BUFG
    RAMB36_X0Y6          RAMB36E1                                     r  out_buf/ram_reg_1/CLKARDCLK
                         clock pessimism             -0.498     1.501    
    RAMB36_X0Y6          RAMB36E1 (Hold_ramb36e1_CLKARDCLK_ADDRARDADDR[11])
                                                      0.183     1.684    out_buf/ram_reg_1
  -------------------------------------------------------------------
                         required time                         -1.684    
                         arrival time                           1.751    
  -------------------------------------------------------------------
                         slack                                  0.068    

Slack (MET) :             0.069ns  (arrival time - required time)
  Source:                 out_buf/wr_addr_reg[3]/C
                            (rising edge-triggered cell FDRE clocked by sys_clk_pin  {rise@0.000ns fall@5.000ns period=10.000ns})
  Destination:            out_buf/ram_reg_1/ADDRARDADDR[4]
                            (rising edge-triggered cell RAMB36E1 clocked by sys_clk_pin  {rise@0.000ns fall@5.000ns period=10.000ns})
  Path Group:             sys_clk_pin
  Path Type:              Hold (Min at Fast Process Corner)
  Requirement:            0.000ns  (sys_clk_pin rise@0.000ns - sys_clk_pin rise@0.000ns)
  Data Path Delay:        0.311ns  (logic 0.141ns (45.299%)  route 0.170ns (54.701%))
  Logic Levels:           0  
  Clock Path Skew:        0.059ns (DCD - SCD - CPR)
    Destination Clock Delay (DCD):    1.999ns
    Source Clock Delay      (SCD):    1.441ns
    Clock Pessimism Removal (CPR):    0.498ns

    Location             Delay type                Incr(ns)  Path(ns)    Netlist Resource(s)
  -------------------------------------------------------------------    -------------------
                         (clock sys_clk_pin rise edge)
                                                      0.000     0.000 r  
    W5                                                0.000     0.000 r  clk (IN)
                         net (fo=0)                   0.000     0.000    clk
    W5                   IBUF (Prop_ibuf_I_O)         0.226     0.226 r  clk_IBUF_inst/O
                         net (fo=1, routed)           0.631     0.858    clk_IBUF
    BUFGCTRL_X0Y0        BUFG (Prop_bufg_I_O)         0.026     0.884 r  clk_IBUF_BUFG_inst/O
                         net (fo=656, routed)         0.558     1.441    out_buf/clk_IBUF_BUFG
    SLICE_X9Y30          FDRE                                         r  out_buf/wr_addr_reg[3]/C
  -------------------------------------------------------------------    -------------------
    SLICE_X9Y30          FDRE (Prop_fdre_C_Q)         0.141     1.582 r  out_buf/wr_addr_reg[3]/Q
                         net (fo=5, routed)           0.170     1.752    out_buf/wr_addr_reg[3]
    RAMB36_X0Y6          RAMB36E1                                     r  out_buf/ram_reg_1/ADDRARDADDR[4]
  -------------------------------------------------------------------    -------------------

                         (clock sys_clk_pin rise edge)
                                                      0.000     0.000 r  
    W5                                                0.000     0.000 r  clk (IN)
                         net (fo=0)                   0.000     0.000    clk
    W5                   IBUF (Prop_ibuf_I_O)         0.414     0.414 r  clk_IBUF_inst/O
                         net (fo=1, routed)           0.685     1.099    clk_IBUF
    BUFGCTRL_X0Y0        BUFG (Prop_bufg_I_O)         0.029     1.128 r  clk_IBUF_BUFG_inst/O
                         net (fo=656, routed)         0.871     1.999    out_buf/clk_IBUF_BUFG
    RAMB36_X0Y6          RAMB36E1                                     r  out_buf/ram_reg_1/CLKARDCLK
                         clock pessimism             -0.498     1.501    
    RAMB36_X0Y6          RAMB36E1 (Hold_ramb36e1_CLKARDCLK_ADDRARDADDR[4])
                                                      0.183     1.684    out_buf/ram_reg_1
  -------------------------------------------------------------------
                         required time                         -1.684    
                         arrival time                           1.752    
  -------------------------------------------------------------------
                         slack                                  0.069    

Slack (MET) :             0.070ns  (arrival time - required time)
  Source:                 out_buf/wr_addr_reg[9]/C
                            (rising edge-triggered cell FDRE clocked by sys_clk_pin  {rise@0.000ns fall@5.000ns period=10.000ns})
  Destination:            out_buf/ram_reg_1/ADDRARDADDR[10]
                            (rising edge-triggered cell RAMB36E1 clocked by sys_clk_pin  {rise@0.000ns fall@5.000ns period=10.000ns})
  Path Group:             sys_clk_pin
  Path Type:              Hold (Min at Fast Process Corner)
  Requirement:            0.000ns  (sys_clk_pin rise@0.000ns - sys_clk_pin rise@0.000ns)
  Data Path Delay:        0.311ns  (logic 0.141ns (45.360%)  route 0.170ns (54.640%))
  Logic Levels:           0  
  Clock Path Skew:        0.057ns (DCD - SCD - CPR)
    Destination Clock Delay (DCD):    1.999ns
    Source Clock Delay      (SCD):    1.443ns
    Clock Pessimism Removal (CPR):    0.498ns

    Location             Delay type                Incr(ns)  Path(ns)    Netlist Resource(s)
  -------------------------------------------------------------------    -------------------
                         (clock sys_clk_pin rise edge)
                                                      0.000     0.000 r  
    W5                                                0.000     0.000 r  clk (IN)
                         net (fo=0)                   0.000     0.000    clk
    W5                   IBUF (Prop_ibuf_I_O)         0.226     0.226 r  clk_IBUF_inst/O
                         net (fo=1, routed)           0.631     0.858    clk_IBUF
    BUFGCTRL_X0Y0        BUFG (Prop_bufg_I_O)         0.026     0.884 r  clk_IBUF_BUFG_inst/O
                         net (fo=656, routed)         0.560     1.443    out_buf/clk_IBUF_BUFG
    SLICE_X9Y32          FDRE                                         r  out_buf/wr_addr_reg[9]/C
  -------------------------------------------------------------------    -------------------
    SLICE_X9Y32          FDRE (Prop_fdre_C_Q)         0.141     1.584 r  out_buf/wr_addr_reg[9]/Q
                         net (fo=5, routed)           0.170     1.754    out_buf/wr_addr_reg[9]
    RAMB36_X0Y6          RAMB36E1                                     r  out_buf/ram_reg_1/ADDRARDADDR[10]
  -------------------------------------------------------------------    -------------------

                         (clock sys_clk_pin rise edge)
                                                      0.000     0.000 r  
    W5                                                0.000     0.000 r  clk (IN)
                         net (fo=0)                   0.000     0.000    clk
    W5                   IBUF (Prop_ibuf_I_O)         0.414     0.414 r  clk_IBUF_inst/O
                         net (fo=1, routed)           0.685     1.099    clk_IBUF
    BUFGCTRL_X0Y0        BUFG (Prop_bufg_I_O)         0.029     1.128 r  clk_IBUF_BUFG_inst/O
                         net (fo=656, routed)         0.871     1.999    out_buf/clk_IBUF_BUFG
    RAMB36_X0Y6          RAMB36E1                                     r  out_buf/ram_reg_1/CLKARDCLK
                         clock pessimism             -0.498     1.501    
    RAMB36_X0Y6          RAMB36E1 (Hold_ramb36e1_CLKARDCLK_ADDRARDADDR[10])
                                                      0.183     1.684    out_buf/ram_reg_1
  -------------------------------------------------------------------
                         required time                         -1.684    
                         arrival time                           1.754    
  -------------------------------------------------------------------
                         slack                                  0.070    

Slack (MET) :             0.071ns  (arrival time - required time)
  Source:                 out_buf/wr_addr_reg[11]/C
                            (rising edge-triggered cell FDRE clocked by sys_clk_pin  {rise@0.000ns fall@5.000ns period=10.000ns})
  Destination:            out_buf/ram_reg_1/ADDRARDADDR[12]
                            (rising edge-triggered cell RAMB36E1 clocked by sys_clk_pin  {rise@0.000ns fall@5.000ns period=10.000ns})
  Path Group:             sys_clk_pin
  Path Type:              Hold (Min at Fast Process Corner)
  Requirement:            0.000ns  (sys_clk_pin rise@0.000ns - sys_clk_pin rise@0.000ns)
  Data Path Delay:        0.311ns  (logic 0.141ns (45.299%)  route 0.170ns (54.701%))
  Logic Levels:           0  
  Clock Path Skew:        0.057ns (DCD - SCD - CPR)
    Destination Clock Delay (DCD):    1.999ns
    Source Clock Delay      (SCD):    1.443ns
    Clock Pessimism Removal (CPR):    0.498ns

    Location             Delay type                Incr(ns)  Path(ns)    Netlist Resource(s)
  -------------------------------------------------------------------    -------------------
                         (clock sys_clk_pin rise edge)
                                                      0.000     0.000 r  
    W5                                                0.000     0.000 r  clk (IN)
                         net (fo=0)                   0.000     0.000    clk
    W5                   IBUF (Prop_ibuf_I_O)         0.226     0.226 r  clk_IBUF_inst/O
                         net (fo=1, routed)           0.631     0.858    clk_IBUF
    BUFGCTRL_X0Y0        BUFG (Prop_bufg_I_O)         0.026     0.884 r  clk_IBUF_BUFG_inst/O
                         net (fo=656, routed)         0.560     1.443    out_buf/clk_IBUF_BUFG
    SLICE_X9Y32          FDRE                                         r  out_buf/wr_addr_reg[11]/C
  -------------------------------------------------------------------    -------------------
    SLICE_X9Y32          FDRE (Prop_fdre_C_Q)         0.141     1.584 r  out_buf/wr_addr_reg[11]/Q
                         net (fo=5, routed)           0.170     1.754    out_buf/wr_addr_reg[11]
    RAMB36_X0Y6          RAMB36E1                                     r  out_buf/ram_reg_1/ADDRARDADDR[12]
  -------------------------------------------------------------------    -------------------

                         (clock sys_clk_pin rise edge)
                                                      0.000     0.000 r  
    W5                                                0.000     0.000 r  clk (IN)
                         net (fo=0)                   0.000     0.000    clk
    W5                   IBUF (Prop_ibuf_I_O)         0.414     0.414 r  clk_IBUF_inst/O
                         net (fo=1, routed)           0.685     1.099    clk_IBUF
    BUFGCTRL_X0Y0        BUFG (Prop_bufg_I_O)         0.029     1.128 r  clk_IBUF_BUFG_inst/O
                         net (fo=656, routed)         0.871     1.999    out_buf/clk_IBUF_BUFG
    RAMB36_X0Y6          RAMB36E1                                     r  out_buf/ram_reg_1/CLKARDCLK
                         clock pessimism             -0.498     1.501    
    RAMB36_X0Y6          RAMB36E1 (Hold_ramb36e1_CLKARDCLK_ADDRARDADDR[12])
                                                      0.183     1.684    out_buf/ram_reg_1
  -------------------------------------------------------------------
                         required time                         -1.684    
                         arrival time                           1.754    
  -------------------------------------------------------------------
                         slack                                  0.071    

Slack (MET) :             0.090ns  (arrival time - required time)
  Source:                 core/blur_pipe_1/rd_addr_reg[0]/C
                            (rising edge-triggered cell FDRE clocked by sys_clk_pin  {rise@0.000ns fall@5.000ns period=10.000ns})
  Destination:            in_buf/ram_reg_0/ADDRBWRADDR[1]
                            (rising edge-triggered cell RAMB36E1 clocked by sys_clk_pin  {rise@0.000ns fall@5.000ns period=10.000ns})
  Path Group:             sys_clk_pin
  Path Type:              Hold (Min at Fast Process Corner)
  Requirement:            0.000ns  (sys_clk_pin rise@0.000ns - sys_clk_pin rise@0.000ns)
  Data Path Delay:        0.352ns  (logic 0.141ns (40.106%)  route 0.211ns (59.894%))
  Logic Levels:           0  
  Clock Path Skew:        0.078ns (DCD - SCD - CPR)
    Destination Clock Delay (DCD):    2.004ns
    Source Clock Delay      (SCD):    1.447ns
    Clock Pessimism Removal (CPR):    0.478ns

    Location             Delay type                Incr(ns)  Path(ns)    Netlist Resource(s)
  -------------------------------------------------------------------    -------------------
                         (clock sys_clk_pin rise edge)
                                                      0.000     0.000 r  
    W5                                                0.000     0.000 r  clk (IN)
                         net (fo=0)                   0.000     0.000    clk
    W5                   IBUF (Prop_ibuf_I_O)         0.226     0.226 r  clk_IBUF_inst/O
                         net (fo=1, routed)           0.631     0.858    clk_IBUF
    BUFGCTRL_X0Y0        BUFG (Prop_bufg_I_O)         0.026     0.884 r  clk_IBUF_BUFG_inst/O
                         net (fo=656, routed)         0.564     1.447    core/blur_pipe_1/clk_IBUF_BUFG
    SLICE_X11Y11         FDRE                                         r  core/blur_pipe_1/rd_addr_reg[0]/C
  -------------------------------------------------------------------    -------------------
    SLICE_X11Y11         FDRE (Prop_fdre_C_Q)         0.141     1.588 r  core/blur_pipe_1/rd_addr_reg[0]/Q
                         net (fo=6, routed)           0.211     1.799    in_buf/ram_reg_3_0[0]
    RAMB36_X0Y2          RAMB36E1                                     r  in_buf/ram_reg_0/ADDRBWRADDR[1]
  -------------------------------------------------------------------    -------------------

                         (clock sys_clk_pin rise edge)
                                                      0.000     0.000 r  
    W5                                                0.000     0.000 r  clk (IN)
                         net (fo=0)                   0.000     0.000    clk
    W5                   IBUF (Prop_ibuf_I_O)         0.414     0.414 r  clk_IBUF_inst/O
                         net (fo=1, routed)           0.685     1.099    clk_IBUF
    BUFGCTRL_X0Y0        BUFG (Prop_bufg_I_O)         0.029     1.128 r  clk_IBUF_BUFG_inst/O
                         net (fo=656, routed)         0.876     2.004    in_buf/clk_IBUF_BUFG
    RAMB36_X0Y2          RAMB36E1                                     r  in_buf/ram_reg_0/CLKBWRCLK
                         clock pessimism             -0.478     1.526    
    RAMB36_X0Y2          RAMB36E1 (Hold_ramb36e1_CLKBWRCLK_ADDRBWRADDR[1])
                                                      0.183     1.709    in_buf/ram_reg_0
  -------------------------------------------------------------------
                         required time                         -1.709    
                         arrival time                           1.799    
  -------------------------------------------------------------------
                         slack                                  0.090    

Slack (MET) :             0.108ns  (arrival time - required time)
  Source:                 core/blur_pipe_2/row_inst/pixel_out_reg[5]/C
                            (rising edge-triggered cell FDRE clocked by sys_clk_pin  {rise@0.000ns fall@5.000ns period=10.000ns})
  Destination:            core/blur_pipe_2/col_inst/lb3_reg_0_127_5_5/LOW/I
                            (rising edge-triggered cell RAMS64E clocked by sys_clk_pin  {rise@0.000ns fall@5.000ns period=10.000ns})
  Path Group:             sys_clk_pin
  Path Type:              Hold (Min at Fast Process Corner)
  Requirement:            0.000ns  (sys_clk_pin rise@0.000ns - sys_clk_pin rise@0.000ns)
  Data Path Delay:        0.267ns  (logic 0.141ns (52.737%)  route 0.126ns (47.263%))
  Logic Levels:           0  
  Clock Path Skew:        0.013ns (DCD - SCD - CPR)
    Destination Clock Delay (DCD):    1.956ns
    Source Clock Delay      (SCD):    1.445ns
    Clock Pessimism Removal (CPR):    0.498ns

    Location             Delay type                Incr(ns)  Path(ns)    Netlist Resource(s)
  -------------------------------------------------------------------    -------------------
                         (clock sys_clk_pin rise edge)
                                                      0.000     0.000 r  
    W5                                                0.000     0.000 r  clk (IN)
                         net (fo=0)                   0.000     0.000    clk
    W5                   IBUF (Prop_ibuf_I_O)         0.226     0.226 r  clk_IBUF_inst/O
                         net (fo=1, routed)           0.631     0.858    clk_IBUF
    BUFGCTRL_X0Y0        BUFG (Prop_bufg_I_O)         0.026     0.884 r  clk_IBUF_BUFG_inst/O
                         net (fo=656, routed)         0.562     1.445    core/blur_pipe_2/row_inst/clk_IBUF_BUFG
    SLICE_X15Y14         FDRE                                         r  core/blur_pipe_2/row_inst/pixel_out_reg[5]/C
  -------------------------------------------------------------------    -------------------
    SLICE_X15Y14         FDRE (Prop_fdre_C_Q)         0.141     1.586 r  core/blur_pipe_2/row_inst/pixel_out_reg[5]/Q
                         net (fo=3, routed)           0.126     1.712    core/blur_pipe_2/col_inst/lb3_reg_0_127_5_5/D
    SLICE_X14Y16         RAMS64E                                      r  core/blur_pipe_2/col_inst/lb3_reg_0_127_5_5/LOW/I
  -------------------------------------------------------------------    -------------------

                         (clock sys_clk_pin rise edge)
                                                      0.000     0.000 r  
    W5                                                0.000     0.000 r  clk (IN)
                         net (fo=0)                   0.000     0.000    clk
    W5                   IBUF (Prop_ibuf_I_O)         0.414     0.414 r  clk_IBUF_inst/O
                         net (fo=1, routed)           0.685     1.099    clk_IBUF
    BUFGCTRL_X0Y0        BUFG (Prop_bufg_I_O)         0.029     1.128 r  clk_IBUF_BUFG_inst/O
                         net (fo=656, routed)         0.829     1.956    core/blur_pipe_2/col_inst/lb3_reg_0_127_5_5/WCLK
    SLICE_X14Y16         RAMS64E                                      r  core/blur_pipe_2/col_inst/lb3_reg_0_127_5_5/LOW/CLK
                         clock pessimism             -0.498     1.458    
    SLICE_X14Y16         RAMS64E (Hold_rams64e_CLK_I)
                                                      0.146     1.604    core/blur_pipe_2/col_inst/lb3_reg_0_127_5_5/LOW
  -------------------------------------------------------------------
                         required time                         -1.604    
                         arrival time                           1.712    
  -------------------------------------------------------------------
                         slack                                  0.108    

Slack (MET) :             0.118ns  (arrival time - required time)
  Source:                 out_buf/wr_addr_reg[5]/C
                            (rising edge-triggered cell FDRE clocked by sys_clk_pin  {rise@0.000ns fall@5.000ns period=10.000ns})
  Destination:            out_buf/ram_reg_1/ADDRARDADDR[6]
                            (rising edge-triggered cell RAMB36E1 clocked by sys_clk_pin  {rise@0.000ns fall@5.000ns period=10.000ns})
  Path Group:             sys_clk_pin
  Path Type:              Hold (Min at Fast Process Corner)
  Requirement:            0.000ns  (sys_clk_pin rise@0.000ns - sys_clk_pin rise@0.000ns)
  Data Path Delay:        0.360ns  (logic 0.141ns (39.181%)  route 0.219ns (60.819%))
  Logic Levels:           0  
  Clock Path Skew:        0.058ns (DCD - SCD - CPR)
    Destination Clock Delay (DCD):    1.999ns
    Source Clock Delay      (SCD):    1.442ns
    Clock Pessimism Removal (CPR):    0.498ns

    Location             Delay type                Incr(ns)  Path(ns)    Netlist Resource(s)
  -------------------------------------------------------------------    -------------------
                         (clock sys_clk_pin rise edge)
                                                      0.000     0.000 r  
    W5                                                0.000     0.000 r  clk (IN)
                         net (fo=0)                   0.000     0.000    clk
    W5                   IBUF (Prop_ibuf_I_O)         0.226     0.226 r  clk_IBUF_inst/O
                         net (fo=1, routed)           0.631     0.858    clk_IBUF
    BUFGCTRL_X0Y0        BUFG (Prop_bufg_I_O)         0.026     0.884 r  clk_IBUF_BUFG_inst/O
                         net (fo=656, routed)         0.559     1.442    out_buf/clk_IBUF_BUFG
    SLICE_X9Y31          FDRE                                         r  out_buf/wr_addr_reg[5]/C
  -------------------------------------------------------------------    -------------------
    SLICE_X9Y31          FDRE (Prop_fdre_C_Q)         0.141     1.583 r  out_buf/wr_addr_reg[5]/Q
                         net (fo=5, routed)           0.219     1.802    out_buf/wr_addr_reg[5]
    RAMB36_X0Y6          RAMB36E1                                     r  out_buf/ram_reg_1/ADDRARDADDR[6]
  -------------------------------------------------------------------    -------------------

                         (clock sys_clk_pin rise edge)
                                                      0.000     0.000 r  
    W5                                                0.000     0.000 r  clk (IN)
                         net (fo=0)                   0.000     0.000    clk
    W5                   IBUF (Prop_ibuf_I_O)         0.414     0.414 r  clk_IBUF_inst/O
                         net (fo=1, routed)           0.685     1.099    clk_IBUF
    BUFGCTRL_X0Y0        BUFG (Prop_bufg_I_O)         0.029     1.128 r  clk_IBUF_BUFG_inst/O
                         net (fo=656, routed)         0.871     1.999    out_buf/clk_IBUF_BUFG
    RAMB36_X0Y6          RAMB36E1                                     r  out_buf/ram_reg_1/CLKARDCLK
                         clock pessimism             -0.498     1.501    
    RAMB36_X0Y6          RAMB36E1 (Hold_ramb36e1_CLKARDCLK_ADDRARDADDR[6])
                                                      0.183     1.684    out_buf/ram_reg_1
  -------------------------------------------------------------------
                         required time                         -1.684    
                         arrival time                           1.802    
  -------------------------------------------------------------------
                         slack                                  0.118    

Slack (MET) :             0.119ns  (arrival time - required time)
  Source:                 core/blur_pipe_1/col_inst/sum_reg[7]/C
                            (rising edge-triggered cell FDRE clocked by sys_clk_pin  {rise@0.000ns fall@5.000ns period=10.000ns})
  Destination:            core/blur_pipe_1/col_inst/pixel_out_reg[3]/D
                            (rising edge-triggered cell FDRE clocked by sys_clk_pin  {rise@0.000ns fall@5.000ns period=10.000ns})
  Path Group:             sys_clk_pin
  Path Type:              Hold (Min at Fast Process Corner)
  Requirement:            0.000ns  (sys_clk_pin rise@0.000ns - sys_clk_pin rise@0.000ns)
  Data Path Delay:        0.197ns  (logic 0.141ns (71.611%)  route 0.056ns (28.389%))
  Logic Levels:           0  
  Clock Path Skew:        0.000ns (DCD - SCD - CPR)
    Destination Clock Delay (DCD):    1.948ns
    Source Clock Delay      (SCD):    1.437ns
    Clock Pessimism Removal (CPR):    0.511ns

    Location             Delay type                Incr(ns)  Path(ns)    Netlist Resource(s)
  -------------------------------------------------------------------    -------------------
                         (clock sys_clk_pin rise edge)
                                                      0.000     0.000 r  
    W5                                                0.000     0.000 r  clk (IN)
                         net (fo=0)                   0.000     0.000    clk
    W5                   IBUF (Prop_ibuf_I_O)         0.226     0.226 r  clk_IBUF_inst/O
                         net (fo=1, routed)           0.631     0.858    clk_IBUF
    BUFGCTRL_X0Y0        BUFG (Prop_bufg_I_O)         0.026     0.884 r  clk_IBUF_BUFG_inst/O
                         net (fo=656, routed)         0.554     1.437    core/blur_pipe_1/col_inst/clk_IBUF_BUFG
    SLICE_X11Y26         FDRE                                         r  core/blur_pipe_1/col_inst/sum_reg[7]/C
  -------------------------------------------------------------------    -------------------
    SLICE_X11Y26         FDRE (Prop_fdre_C_Q)         0.141     1.578 r  core/blur_pipe_1/col_inst/sum_reg[7]/Q
                         net (fo=1, routed)           0.056     1.634    core/blur_pipe_1/col_inst/p_0_in[3]
    SLICE_X11Y26         FDRE                                         r  core/blur_pipe_1/col_inst/pixel_out_reg[3]/D
  -------------------------------------------------------------------    -------------------

                         (clock sys_clk_pin rise edge)
                                                      0.000     0.000 r  
    W5                                                0.000     0.000 r  clk (IN)
                         net (fo=0)                   0.000     0.000    clk
    W5                   IBUF (Prop_ibuf_I_O)         0.414     0.414 r  clk_IBUF_inst/O
                         net (fo=1, routed)           0.685     1.099    clk_IBUF
    BUFGCTRL_X0Y0        BUFG (Prop_bufg_I_O)         0.029     1.128 r  clk_IBUF_BUFG_inst/O
                         net (fo=656, routed)         0.821     1.948    core/blur_pipe_1/col_inst/clk_IBUF_BUFG
    SLICE_X11Y26         FDRE                                         r  core/blur_pipe_1/col_inst/pixel_out_reg[3]/C
                         clock pessimism             -0.511     1.437    
    SLICE_X11Y26         FDRE (Hold_fdre_C_D)         0.078     1.515    core/blur_pipe_1/col_inst/pixel_out_reg[3]
  -------------------------------------------------------------------
                         required time                         -1.515    
                         arrival time                           1.634    
  -------------------------------------------------------------------
                         slack                                  0.119    

Slack (MET) :             0.119ns  (arrival time - required time)
  Source:                 core/blur_pipe_1/col_inst/sum_reg[11]/C
                            (rising edge-triggered cell FDRE clocked by sys_clk_pin  {rise@0.000ns fall@5.000ns period=10.000ns})
  Destination:            core/blur_pipe_1/col_inst/pixel_out_reg[7]/D
                            (rising edge-triggered cell FDRE clocked by sys_clk_pin  {rise@0.000ns fall@5.000ns period=10.000ns})
  Path Group:             sys_clk_pin
  Path Type:              Hold (Min at Fast Process Corner)
  Requirement:            0.000ns  (sys_clk_pin rise@0.000ns - sys_clk_pin rise@0.000ns)
  Data Path Delay:        0.197ns  (logic 0.141ns (71.611%)  route 0.056ns (28.389%))
  Logic Levels:           0  
  Clock Path Skew:        0.000ns (DCD - SCD - CPR)
    Destination Clock Delay (DCD):    1.950ns
    Source Clock Delay      (SCD):    1.439ns
    Clock Pessimism Removal (CPR):    0.511ns

    Location             Delay type                Incr(ns)  Path(ns)    Netlist Resource(s)
  -------------------------------------------------------------------    -------------------
                         (clock sys_clk_pin rise edge)
                                                      0.000     0.000 r  
    W5                                                0.000     0.000 r  clk (IN)
                         net (fo=0)                   0.000     0.000    clk
    W5                   IBUF (Prop_ibuf_I_O)         0.226     0.226 r  clk_IBUF_inst/O
                         net (fo=1, routed)           0.631     0.858    clk_IBUF
    BUFGCTRL_X0Y0        BUFG (Prop_bufg_I_O)         0.026     0.884 r  clk_IBUF_BUFG_inst/O
                         net (fo=656, routed)         0.556     1.439    core/blur_pipe_1/col_inst/clk_IBUF_BUFG
    SLICE_X11Y27         FDRE                                         r  core/blur_pipe_1/col_inst/sum_reg[11]/C
  -------------------------------------------------------------------    -------------------
    SLICE_X11Y27         FDRE (Prop_fdre_C_Q)         0.141     1.580 r  core/blur_pipe_1/col_inst/sum_reg[11]/Q
                         net (fo=1, routed)           0.056     1.636    core/blur_pipe_1/col_inst/p_0_in[7]
    SLICE_X11Y27         FDRE                                         r  core/blur_pipe_1/col_inst/pixel_out_reg[7]/D
  -------------------------------------------------------------------    -------------------

                         (clock sys_clk_pin rise edge)
                                                      0.000     0.000 r  
    W5                                                0.000     0.000 r  clk (IN)
                         net (fo=0)                   0.000     0.000    clk
    W5                   IBUF (Prop_ibuf_I_O)         0.414     0.414 r  clk_IBUF_inst/O
                         net (fo=1, routed)           0.685     1.099    clk_IBUF
    BUFGCTRL_X0Y0        BUFG (Prop_bufg_I_O)         0.029     1.128 r  clk_IBUF_BUFG_inst/O
                         net (fo=656, routed)         0.823     1.950    core/blur_pipe_1/col_inst/clk_IBUF_BUFG
    SLICE_X11Y27         FDRE                                         r  core/blur_pipe_1/col_inst/pixel_out_reg[7]/C
                         clock pessimism             -0.511     1.439    
    SLICE_X11Y27         FDRE (Hold_fdre_C_D)         0.078     1.517    core/blur_pipe_1/col_inst/pixel_out_reg[7]
  -------------------------------------------------------------------
                         required time                         -1.517    
                         arrival time                           1.636    
  -------------------------------------------------------------------
                         slack                                  0.119    

Slack (MET) :             0.119ns  (arrival time - required time)
  Source:                 out_buf/wr_addr_reg[1]/C
                            (rising edge-triggered cell FDRE clocked by sys_clk_pin  {rise@0.000ns fall@5.000ns period=10.000ns})
  Destination:            out_buf/ram_reg_1/ADDRARDADDR[2]
                            (rising edge-triggered cell RAMB36E1 clocked by sys_clk_pin  {rise@0.000ns fall@5.000ns period=10.000ns})
  Path Group:             sys_clk_pin
  Path Type:              Hold (Min at Fast Process Corner)
  Requirement:            0.000ns  (sys_clk_pin rise@0.000ns - sys_clk_pin rise@0.000ns)
  Data Path Delay:        0.361ns  (logic 0.141ns (39.009%)  route 0.220ns (60.991%))
  Logic Levels:           0  
  Clock Path Skew:        0.059ns (DCD - SCD - CPR)
    Destination Clock Delay (DCD):    1.999ns
    Source Clock Delay      (SCD):    1.441ns
    Clock Pessimism Removal (CPR):    0.498ns

    Location             Delay type                Incr(ns)  Path(ns)    Netlist Resource(s)
  -------------------------------------------------------------------    -------------------
                         (clock sys_clk_pin rise edge)
                                                      0.000     0.000 r  
    W5                                                0.000     0.000 r  clk (IN)
                         net (fo=0)                   0.000     0.000    clk
    W5                   IBUF (Prop_ibuf_I_O)         0.226     0.226 r  clk_IBUF_inst/O
                         net (fo=1, routed)           0.631     0.858    clk_IBUF
    BUFGCTRL_X0Y0        BUFG (Prop_bufg_I_O)         0.026     0.884 r  clk_IBUF_BUFG_inst/O
                         net (fo=656, routed)         0.558     1.441    out_buf/clk_IBUF_BUFG
    SLICE_X9Y30          FDRE                                         r  out_buf/wr_addr_reg[1]/C
  -------------------------------------------------------------------    -------------------
    SLICE_X9Y30          FDRE (Prop_fdre_C_Q)         0.141     1.582 r  out_buf/wr_addr_reg[1]/Q
                         net (fo=5, routed)           0.220     1.803    out_buf/wr_addr_reg[1]
    RAMB36_X0Y6          RAMB36E1                                     r  out_buf/ram_reg_1/ADDRARDADDR[2]
  -------------------------------------------------------------------    -------------------

                         (clock sys_clk_pin rise edge)
                                                      0.000     0.000 r  
    W5                                                0.000     0.000 r  clk (IN)
                         net (fo=0)                   0.000     0.000    clk
    W5                   IBUF (Prop_ibuf_I_O)         0.414     0.414 r  clk_IBUF_inst/O
                         net (fo=1, routed)           0.685     1.099    clk_IBUF
    BUFGCTRL_X0Y0        BUFG (Prop_bufg_I_O)         0.029     1.128 r  clk_IBUF_BUFG_inst/O
                         net (fo=656, routed)         0.871     1.999    out_buf/clk_IBUF_BUFG
    RAMB36_X0Y6          RAMB36E1                                     r  out_buf/ram_reg_1/CLKARDCLK
                         clock pessimism             -0.498     1.501    
    RAMB36_X0Y6          RAMB36E1 (Hold_ramb36e1_CLKARDCLK_ADDRARDADDR[2])
                                                      0.183     1.684    out_buf/ram_reg_1
  -------------------------------------------------------------------
                         required time                         -1.684    
                         arrival time                           1.803    
  -------------------------------------------------------------------
                         slack                                  0.119    





Pulse Width Checks
--------------------------------------------------------------------------------------
Clock Name:         sys_clk_pin
Waveform(ns):       { 0.000 5.000 }
Period(ns):         10.000
Sources:            { clk }

Check Type        Corner  Lib Pin             Reference Pin  Required(ns)  Actual(ns)  Slack(ns)  Location      Pin
Min Period        n/a     RAMB18E1/CLKARDCLK  n/a            2.944         10.000      7.056      RAMB18_X0Y8   core/blur_pipe_1/col_inst/lb0_reg/CLKARDCLK
Min Period        n/a     RAMB18E1/CLKARDCLK  n/a            2.944         10.000      7.056      RAMB18_X0Y9   core/blur_pipe_2/col_inst/lb0_reg/CLKARDCLK
Min Period        n/a     RAMB36E1/CLKARDCLK  n/a            2.944         10.000      7.056      RAMB36_X0Y2   in_buf/ram_reg_0/CLKARDCLK
Min Period        n/a     RAMB36E1/CLKARDCLK  n/a            2.944         10.000      7.056      RAMB36_X1Y2   in_buf/ram_reg_1/CLKARDCLK
Min Period        n/a     RAMB36E1/CLKARDCLK  n/a            2.944         10.000      7.056      RAMB36_X1Y3   in_buf/ram_reg_2/CLKARDCLK
Min Period        n/a     RAMB36E1/CLKARDCLK  n/a            2.944         10.000      7.056      RAMB36_X0Y3   in_buf/ram_reg_3/CLKARDCLK
Min Period        n/a     RAMB36E1/CLKARDCLK  n/a            2.944         10.000      7.056      RAMB36_X0Y5   out_buf/ram_reg_0/CLKARDCLK
Min Period        n/a     RAMB36E1/CLKARDCLK  n/a            2.944         10.000      7.056      RAMB36_X0Y6   out_buf/ram_reg_1/CLKARDCLK
Min Period        n/a     RAMB36E1/CLKARDCLK  n/a            2.944         10.000      7.056      RAMB36_X0Y7   out_buf/ram_reg_2/CLKARDCLK
Min Period        n/a     RAMB36E1/CLKARDCLK  n/a            2.944         10.000      7.056      RAMB36_X0Y8   out_buf/ram_reg_3/CLKARDCLK
Low Pulse Width   Slow    RAMS64E/CLK         n/a            1.250         5.000       3.750      SLICE_X14Y21  core/blur_pipe_1/col_inst/lb1_reg_0_127_0_0/HIGH/CLK
Low Pulse Width   Fast    RAMS64E/CLK         n/a            1.250         5.000       3.750      SLICE_X14Y21  core/blur_pipe_1/col_inst/lb1_reg_0_127_0_0/HIGH/CLK
Low Pulse Width   Slow    RAMS64E/CLK         n/a            1.250         5.000       3.750      SLICE_X14Y21  core/blur_pipe_1/col_inst/lb1_reg_0_127_0_0/LOW/CLK
Low Pulse Width   Fast    RAMS64E/CLK         n/a            1.250         5.000       3.750      SLICE_X14Y21  core/blur_pipe_1/col_inst/lb1_reg_0_127_0_0/LOW/CLK
Low Pulse Width   Slow    RAMS64E/CLK         n/a            1.250         5.000       3.750      SLICE_X14Y21  core/blur_pipe_1/col_inst/lb1_reg_0_127_1_1/HIGH/CLK
Low Pulse Width   Fast    RAMS64E/CLK         n/a            1.250         5.000       3.750      SLICE_X14Y21  core/blur_pipe_1/col_inst/lb1_reg_0_127_1_1/HIGH/CLK
Low Pulse Width   Slow    RAMS64E/CLK         n/a            1.250         5.000       3.750      SLICE_X14Y21  core/blur_pipe_1/col_inst/lb1_reg_0_127_1_1/LOW/CLK
Low Pulse Width   Fast    RAMS64E/CLK         n/a            1.250         5.000       3.750      SLICE_X14Y21  core/blur_pipe_1/col_inst/lb1_reg_0_127_1_1/LOW/CLK
Low Pulse Width   Slow    RAMS64E/CLK         n/a            1.250         5.000       3.750      SLICE_X12Y22  core/blur_pipe_1/col_inst/lb1_reg_0_127_2_2/HIGH/CLK
Low Pulse Width   Fast    RAMS64E/CLK         n/a            1.250         5.000       3.750      SLICE_X12Y22  core/blur_pipe_1/col_inst/lb1_reg_0_127_2_2/HIGH/CLK
High Pulse Width  Slow    RAMS64E/CLK         n/a            1.250         5.000       3.750      SLICE_X14Y21  core/blur_pipe_1/col_inst/lb1_reg_0_127_0_0/HIGH/CLK
High Pulse Width  Fast    RAMS64E/CLK         n/a            1.250         5.000       3.750      SLICE_X14Y21  core/blur_pipe_1/col_inst/lb1_reg_0_127_0_0/HIGH/CLK
High Pulse Width  Slow    RAMS64E/CLK         n/a            1.250         5.000       3.750      SLICE_X14Y21  core/blur_pipe_1/col_inst/lb1_reg_0_127_0_0/LOW/CLK
High Pulse Width  Fast    RAMS64E/CLK         n/a            1.250         5.000       3.750      SLICE_X14Y21  core/blur_pipe_1/col_inst/lb1_reg_0_127_0_0/LOW/CLK
High Pulse Width  Slow    RAMS64E/CLK         n/a            1.250         5.000       3.750      SLICE_X14Y21  core/blur_pipe_1/col_inst/lb1_reg_0_127_1_1/HIGH/CLK
High Pulse Width  Fast    RAMS64E/CLK         n/a            1.250         5.000       3.750      SLICE_X14Y21  core/blur_pipe_1/col_inst/lb1_reg_0_127_1_1/HIGH/CLK
High Pulse Width  Slow    RAMS64E/CLK         n/a            1.250         5.000       3.750      SLICE_X14Y21  core/blur_pipe_1/col_inst/lb1_reg_0_127_1_1/LOW/CLK
High Pulse Width  Fast    RAMS64E/CLK         n/a            1.250         5.000       3.750      SLICE_X14Y21  core/blur_pipe_1/col_inst/lb1_reg_0_127_1_1/LOW/CLK
High Pulse Width  Slow    RAMS64E/CLK         n/a            1.250         5.000       3.750      SLICE_X12Y22  core/blur_pipe_1/col_inst/lb1_reg_0_127_2_2/HIGH/CLK
High Pulse Width  Fast    RAMS64E/CLK         n/a            1.250         5.000       3.750      SLICE_X12Y22  core/blur_pipe_1/col_inst/lb1_reg_0_127_2_2/HIGH/CLK



--------------------------------------------------------------------------------------
Path Group:  (none)
From Clock:  sys_clk_pin
  To Clock:  

Max Delay             6 Endpoints
Min Delay             6 Endpoints
--------------------------------------------------------------------------------------


Max Delay Paths
--------------------------------------------------------------------------------------
Slack:                    inf
  Source:                 tx_inst/tx_serial_reg/C
                            (rising edge-triggered cell FDRE clocked by sys_clk_pin  {rise@0.000ns fall@5.000ns period=10.000ns})
  Destination:            uart_rxd_out
                            (output port)
  Path Group:             (none)
  Path Type:              Max at Slow Process Corner
  Data Path Delay:        7.481ns  (logic 3.974ns (53.120%)  route 3.507ns (46.880%))
  Logic Levels:           1  (OBUF=1)
  Clock Uncertainty:      0.025ns  ((TSJ^2 + TIJ^2)^1/2 + DJ) / 2 + PE
    Total System Jitter     (TSJ):    0.050ns
    Total Input Jitter      (TIJ):    0.000ns
    Discrete Jitter          (DJ):    0.000ns
    Phase Error              (PE):    0.000ns

    Location             Delay type                Incr(ns)  Path(ns)    Netlist Resource(s)
  -------------------------------------------------------------------    -------------------
                         (clock sys_clk_pin rise edge)
                                                      0.000     0.000 r  
    W5                                                0.000     0.000 r  clk (IN)
                         net (fo=0)                   0.000     0.000    clk
    W5                   IBUF (Prop_ibuf_I_O)         1.458     1.458 r  clk_IBUF_inst/O
                         net (fo=1, routed)           1.967     3.425    clk_IBUF
    BUFGCTRL_X0Y0        BUFG (Prop_bufg_I_O)         0.096     3.521 r  clk_IBUF_BUFG_inst/O
                         net (fo=656, routed)         1.626     5.147    tx_inst/clk_IBUF_BUFG
    SLICE_X5Y32          FDRE                                         r  tx_inst/tx_serial_reg/C
  -------------------------------------------------------------------    -------------------
    SLICE_X5Y32          FDRE (Prop_fdre_C_Q)         0.456     5.603 r  tx_inst/tx_serial_reg/Q
                         net (fo=1, routed)           3.507     9.110    uart_rxd_out_OBUF
    A18                  OBUF (Prop_obuf_I_O)         3.518    12.628 r  uart_rxd_out_OBUF_inst/O
                         net (fo=0)                   0.000    12.628    uart_rxd_out
    A18                                                               r  uart_rxd_out (OUT)
  -------------------------------------------------------------------    -------------------

Slack:                    inf
  Source:                 led_reg[1]/C
                            (rising edge-triggered cell FDRE clocked by sys_clk_pin  {rise@0.000ns fall@5.000ns period=10.000ns})
  Destination:            led[1]
                            (output port)
  Path Group:             (none)
  Path Type:              Max at Slow Process Corner
  Data Path Delay:        6.396ns  (logic 3.986ns (62.313%)  route 2.411ns (37.687%))
  Logic Levels:           1  (OBUF=1)
  Clock Uncertainty:      0.025ns  ((TSJ^2 + TIJ^2)^1/2 + DJ) / 2 + PE
    Total System Jitter     (TSJ):    0.050ns
    Total Input Jitter      (TIJ):    0.000ns
    Discrete Jitter          (DJ):    0.000ns
    Phase Error              (PE):    0.000ns

    Location             Delay type                Incr(ns)  Path(ns)    Netlist Resource(s)
  -------------------------------------------------------------------    -------------------
                         (clock sys_clk_pin rise edge)
                                                      0.000     0.000 r  
    W5                                                0.000     0.000 r  clk (IN)
                         net (fo=0)                   0.000     0.000    clk
    W5                   IBUF (Prop_ibuf_I_O)         1.458     1.458 r  clk_IBUF_inst/O
                         net (fo=1, routed)           1.967     3.425    clk_IBUF
    BUFGCTRL_X0Y0        BUFG (Prop_bufg_I_O)         0.096     3.521 r  clk_IBUF_BUFG_inst/O
                         net (fo=656, routed)         1.627     5.148    clk_IBUF_BUFG
    SLICE_X7Y16          FDRE                                         r  led_reg[1]/C
  -------------------------------------------------------------------    -------------------
    SLICE_X7Y16          FDRE (Prop_fdre_C_Q)         0.456     5.604 r  led_reg[1]/Q
                         net (fo=1, routed)           2.411     8.015    led_OBUF[1]
    E19                  OBUF (Prop_obuf_I_O)         3.530    11.545 r  led_OBUF[1]_inst/O
                         net (fo=0)                   0.000    11.545    led[1]
    E19                                                               r  led[1] (OUT)
  -------------------------------------------------------------------    -------------------

Slack:                    inf
  Source:                 led_reg[0]/C
                            (rising edge-triggered cell FDRE clocked by sys_clk_pin  {rise@0.000ns fall@5.000ns period=10.000ns})
  Destination:            led[0]
                            (output port)
  Path Group:             (none)
  Path Type:              Max at Slow Process Corner
  Data Path Delay:        6.327ns  (logic 3.961ns (62.605%)  route 2.366ns (37.395%))
  Logic Levels:           1  (OBUF=1)
  Clock Uncertainty:      0.025ns  ((TSJ^2 + TIJ^2)^1/2 + DJ) / 2 + PE
    Total System Jitter     (TSJ):    0.050ns
    Total Input Jitter      (TIJ):    0.000ns
    Discrete Jitter          (DJ):    0.000ns
    Phase Error              (PE):    0.000ns

    Location             Delay type                Incr(ns)  Path(ns)    Netlist Resource(s)
  -------------------------------------------------------------------    -------------------
                         (clock sys_clk_pin rise edge)
                                                      0.000     0.000 r  
    W5                                                0.000     0.000 r  clk (IN)
                         net (fo=0)                   0.000     0.000    clk
    W5                   IBUF (Prop_ibuf_I_O)         1.458     1.458 r  clk_IBUF_inst/O
                         net (fo=1, routed)           1.967     3.425    clk_IBUF
    BUFGCTRL_X0Y0        BUFG (Prop_bufg_I_O)         0.096     3.521 r  clk_IBUF_BUFG_inst/O
                         net (fo=656, routed)         1.615     5.136    clk_IBUF_BUFG
    SLICE_X5Y25          FDRE                                         r  led_reg[0]/C
  -------------------------------------------------------------------    -------------------
    SLICE_X5Y25          FDRE (Prop_fdre_C_Q)         0.456     5.592 r  led_reg[0]/Q
                         net (fo=1, routed)           2.366     7.958    led_OBUF[0]
    U16                  OBUF (Prop_obuf_I_O)         3.505    11.463 r  led_OBUF[0]_inst/O
                         net (fo=0)                   0.000    11.463    led[0]
    U16                                                               r  led[0] (OUT)
  -------------------------------------------------------------------    -------------------

Slack:                    inf
  Source:                 led_reg[2]/C
                            (rising edge-triggered cell FDRE clocked by sys_clk_pin  {rise@0.000ns fall@5.000ns period=10.000ns})
  Destination:            led[2]
                            (output port)
  Path Group:             (none)
  Path Type:              Max at Slow Process Corner
  Data Path Delay:        5.918ns  (logic 4.019ns (67.911%)  route 1.899ns (32.089%))
  Logic Levels:           1  (OBUF=1)
  Clock Uncertainty:      0.025ns  ((TSJ^2 + TIJ^2)^1/2 + DJ) / 2 + PE
    Total System Jitter     (TSJ):    0.050ns
    Total Input Jitter      (TIJ):    0.000ns
    Discrete Jitter          (DJ):    0.000ns
    Phase Error              (PE):    0.000ns

    Location             Delay type                Incr(ns)  Path(ns)    Netlist Resource(s)
  -------------------------------------------------------------------    -------------------
                         (clock sys_clk_pin rise edge)
                                                      0.000     0.000 r  
    W5                                                0.000     0.000 r  clk (IN)
                         net (fo=0)                   0.000     0.000    clk
    W5                   IBUF (Prop_ibuf_I_O)         1.458     1.458 r  clk_IBUF_inst/O
                         net (fo=1, routed)           1.967     3.425    clk_IBUF
    BUFGCTRL_X0Y0        BUFG (Prop_bufg_I_O)         0.096     3.521 r  clk_IBUF_BUFG_inst/O
                         net (fo=656, routed)         1.615     5.136    clk_IBUF_BUFG
    SLICE_X6Y25          FDRE                                         r  led_reg[2]/C
  -------------------------------------------------------------------    -------------------
    SLICE_X6Y25          FDRE (Prop_fdre_C_Q)         0.518     5.654 r  led_reg[2]/Q
                         net (fo=1, routed)           1.899     7.553    led_OBUF[2]
    U19                  OBUF (Prop_obuf_I_O)         3.501    11.054 r  led_OBUF[2]_inst/O
                         net (fo=0)                   0.000    11.054    led[2]
    U19                                                               r  led[2] (OUT)
  -------------------------------------------------------------------    -------------------

Slack:                    inf
  Source:                 led_reg[4]/C
                            (rising edge-triggered cell FDRE clocked by sys_clk_pin  {rise@0.000ns fall@5.000ns period=10.000ns})
  Destination:            led[4]
                            (output port)
  Path Group:             (none)
  Path Type:              Max at Slow Process Corner
  Data Path Delay:        5.906ns  (logic 3.965ns (67.126%)  route 1.942ns (32.874%))
  Logic Levels:           1  (OBUF=1)
  Clock Uncertainty:      0.025ns  ((TSJ^2 + TIJ^2)^1/2 + DJ) / 2 + PE
    Total System Jitter     (TSJ):    0.050ns
    Total Input Jitter      (TIJ):    0.000ns
    Discrete Jitter          (DJ):    0.000ns
    Phase Error              (PE):    0.000ns

    Location             Delay type                Incr(ns)  Path(ns)    Netlist Resource(s)
  -------------------------------------------------------------------    -------------------
                         (clock sys_clk_pin rise edge)
                                                      0.000     0.000 r  
    W5                                                0.000     0.000 r  clk (IN)
                         net (fo=0)                   0.000     0.000    clk
    W5                   IBUF (Prop_ibuf_I_O)         1.458     1.458 r  clk_IBUF_inst/O
                         net (fo=1, routed)           1.967     3.425    clk_IBUF
    BUFGCTRL_X0Y0        BUFG (Prop_bufg_I_O)         0.096     3.521 r  clk_IBUF_BUFG_inst/O
                         net (fo=656, routed)         1.615     5.136    clk_IBUF_BUFG
    SLICE_X7Y25          FDRE                                         r  led_reg[4]/C
  -------------------------------------------------------------------    -------------------
    SLICE_X7Y25          FDRE (Prop_fdre_C_Q)         0.456     5.592 r  led_reg[4]/Q
                         net (fo=1, routed)           1.942     7.534    led_OBUF[4]
    W18                  OBUF (Prop_obuf_I_O)         3.509    11.042 r  led_OBUF[4]_inst/O
                         net (fo=0)                   0.000    11.042    led[4]
    W18                                                               r  led[4] (OUT)
  -------------------------------------------------------------------    -------------------

Slack:                    inf
  Source:                 led_reg[3]/C
                            (rising edge-triggered cell FDRE clocked by sys_clk_pin  {rise@0.000ns fall@5.000ns period=10.000ns})
  Destination:            led[3]
                            (output port)
  Path Group:             (none)
  Path Type:              Max at Slow Process Corner
  Data Path Delay:        5.826ns  (logic 3.965ns (68.052%)  route 1.861ns (31.948%))
  Logic Levels:           1  (OBUF=1)
  Clock Uncertainty:      0.025ns  ((TSJ^2 + TIJ^2)^1/2 + DJ) / 2 + PE
    Total System Jitter     (TSJ):    0.050ns
    Total Input Jitter      (TIJ):    0.000ns
    Discrete Jitter          (DJ):    0.000ns
    Phase Error              (PE):    0.000ns

    Location             Delay type                Incr(ns)  Path(ns)    Netlist Resource(s)
  -------------------------------------------------------------------    -------------------
                         (clock sys_clk_pin rise edge)
                                                      0.000     0.000 r  
    W5                                                0.000     0.000 r  clk (IN)
                         net (fo=0)                   0.000     0.000    clk
    W5                   IBUF (Prop_ibuf_I_O)         1.458     1.458 r  clk_IBUF_inst/O
                         net (fo=1, routed)           1.967     3.425    clk_IBUF
    BUFGCTRL_X0Y0        BUFG (Prop_bufg_I_O)         0.096     3.521 r  clk_IBUF_BUFG_inst/O
                         net (fo=656, routed)         1.627     5.148    clk_IBUF_BUFG
    SLICE_X5Y16          FDRE                                         r  led_reg[3]/C
  -------------------------------------------------------------------    -------------------
    SLICE_X5Y16          FDRE (Prop_fdre_C_Q)         0.456     5.604 r  led_reg[3]/Q
                         net (fo=1, routed)           1.861     7.466    led_OBUF[3]
    V19                  OBUF (Prop_obuf_I_O)         3.509    10.975 r  led_OBUF[3]_inst/O
                         net (fo=0)                   0.000    10.975    led[3]
    V19                                                               r  led[3] (OUT)
  -------------------------------------------------------------------    -------------------





Min Delay Paths
--------------------------------------------------------------------------------------
Slack:                    inf
  Source:                 led_reg[3]/C
                            (rising edge-triggered cell FDRE clocked by sys_clk_pin  {rise@0.000ns fall@5.000ns period=10.000ns})
  Destination:            led[3]
                            (output port)
  Path Group:             (none)
  Path Type:              Min at Fast Process Corner
  Data Path Delay:        1.768ns  (logic 1.351ns (76.439%)  route 0.416ns (23.561%))
  Logic Levels:           1  (OBUF=1)
  Clock Uncertainty:      0.025ns  ((TSJ^2 + TIJ^2)^1/2 + DJ) / 2 + PE
    Total System Jitter     (TSJ):    0.050ns
    Total Input Jitter      (TIJ):    0.000ns
    Discrete Jitter          (DJ):    0.000ns
    Phase Error              (PE):    0.000ns

    Location             Delay type                Incr(ns)  Path(ns)    Netlist Resource(s)
  -------------------------------------------------------------------    -------------------
                         (clock sys_clk_pin rise edge)
                                                      0.000     0.000 r  
    W5                                                0.000     0.000 r  clk (IN)
                         net (fo=0)                   0.000     0.000    clk
    W5                   IBUF (Prop_ibuf_I_O)         0.226     0.226 r  clk_IBUF_inst/O
                         net (fo=1, routed)           0.631     0.858    clk_IBUF
    BUFGCTRL_X0Y0        BUFG (Prop_bufg_I_O)         0.026     0.884 r  clk_IBUF_BUFG_inst/O
                         net (fo=656, routed)         0.588     1.471    clk_IBUF_BUFG
    SLICE_X5Y16          FDRE                                         r  led_reg[3]/C
  -------------------------------------------------------------------    -------------------
    SLICE_X5Y16          FDRE (Prop_fdre_C_Q)         0.141     1.612 r  led_reg[3]/Q
                         net (fo=1, routed)           0.416     2.029    led_OBUF[3]
    V19                  OBUF (Prop_obuf_I_O)         1.210     3.239 r  led_OBUF[3]_inst/O
                         net (fo=0)                   0.000     3.239    led[3]
    V19                                                               r  led[3] (OUT)
  -------------------------------------------------------------------    -------------------

Slack:                    inf
  Source:                 led_reg[2]/C
                            (rising edge-triggered cell FDRE clocked by sys_clk_pin  {rise@0.000ns fall@5.000ns period=10.000ns})
  Destination:            led[2]
                            (output port)
  Path Group:             (none)
  Path Type:              Min at Fast Process Corner
  Data Path Delay:        1.801ns  (logic 1.366ns (75.850%)  route 0.435ns (24.150%))
  Logic Levels:           1  (OBUF=1)
  Clock Uncertainty:      0.025ns  ((TSJ^2 + TIJ^2)^1/2 + DJ) / 2 + PE
    Total System Jitter     (TSJ):    0.050ns
    Total Input Jitter      (TIJ):    0.000ns
    Discrete Jitter          (DJ):    0.000ns
    Phase Error              (PE):    0.000ns

    Location             Delay type                Incr(ns)  Path(ns)    Netlist Resource(s)
  -------------------------------------------------------------------    -------------------
                         (clock sys_clk_pin rise edge)
                                                      0.000     0.000 r  
    W5                                                0.000     0.000 r  clk (IN)
                         net (fo=0)                   0.000     0.000    clk
    W5                   IBUF (Prop_ibuf_I_O)         0.226     0.226 r  clk_IBUF_inst/O
                         net (fo=1, routed)           0.631     0.858    clk_IBUF
    BUFGCTRL_X0Y0        BUFG (Prop_bufg_I_O)         0.026     0.884 r  clk_IBUF_BUFG_inst/O
                         net (fo=656, routed)         0.580     1.463    clk_IBUF_BUFG
    SLICE_X6Y25          FDRE                                         r  led_reg[2]/C
  -------------------------------------------------------------------    -------------------
    SLICE_X6Y25          FDRE (Prop_fdre_C_Q)         0.164     1.627 r  led_reg[2]/Q
                         net (fo=1, routed)           0.435     2.062    led_OBUF[2]
    U19                  OBUF (Prop_obuf_I_O)         1.202     3.264 r  led_OBUF[2]_inst/O
                         net (fo=0)                   0.000     3.264    led[2]
    U19                                                               r  led[2] (OUT)
  -------------------------------------------------------------------    -------------------

Slack:                    inf
  Source:                 led_reg[4]/C
                            (rising edge-triggered cell FDRE clocked by sys_clk_pin  {rise@0.000ns fall@5.000ns period=10.000ns})
  Destination:            led[4]
                            (output port)
  Path Group:             (none)
  Path Type:              Min at Fast Process Corner
  Data Path Delay:        1.806ns  (logic 1.351ns (74.777%)  route 0.456ns (25.223%))
  Logic Levels:           1  (OBUF=1)
  Clock Uncertainty:      0.025ns  ((TSJ^2 + TIJ^2)^1/2 + DJ) / 2 + PE
    Total System Jitter     (TSJ):    0.050ns
    Total Input Jitter      (TIJ):    0.000ns
    Discrete Jitter          (DJ):    0.000ns
    Phase Error              (PE):    0.000ns

    Location             Delay type                Incr(ns)  Path(ns)    Netlist Resource(s)
  -------------------------------------------------------------------    -------------------
                         (clock sys_clk_pin rise edge)
                                                      0.000     0.000 r  
    W5                                                0.000     0.000 r  clk (IN)
                         net (fo=0)                   0.000     0.000    clk
    W5                   IBUF (Prop_ibuf_I_O)         0.226     0.226 r  clk_IBUF_inst/O
                         net (fo=1, routed)           0.631     0.858    clk_IBUF
    BUFGCTRL_X0Y0        BUFG (Prop_bufg_I_O)         0.026     0.884 r  clk_IBUF_BUFG_inst/O
                         net (fo=656, routed)         0.580     1.463    clk_IBUF_BUFG
    SLICE_X7Y25          FDRE                                         r  led_reg[4]/C
  -------------------------------------------------------------------    -------------------
    SLICE_X7Y25          FDRE (Prop_fdre_C_Q)         0.141     1.604 r  led_reg[4]/Q
                         net (fo=1, routed)           0.456     2.060    led_OBUF[4]
    W18                  OBUF (Prop_obuf_I_O)         1.210     3.269 r  led_OBUF[4]_inst/O
                         net (fo=0)                   0.000     3.269    led[4]
    W18                                                               r  led[4] (OUT)
  -------------------------------------------------------------------    -------------------

Slack:                    inf
  Source:                 led_reg[1]/C
                            (rising edge-triggered cell FDRE clocked by sys_clk_pin  {rise@0.000ns fall@5.000ns period=10.000ns})
  Destination:            led[1]
                            (output port)
  Path Group:             (none)
  Path Type:              Min at Fast Process Corner
  Data Path Delay:        1.987ns  (logic 1.372ns (69.023%)  route 0.616ns (30.977%))
  Logic Levels:           1  (OBUF=1)
  Clock Uncertainty:      0.025ns  ((TSJ^2 + TIJ^2)^1/2 + DJ) / 2 + PE
    Total System Jitter     (TSJ):    0.050ns
    Total Input Jitter      (TIJ):    0.000ns
    Discrete Jitter          (DJ):    0.000ns
    Phase Error              (PE):    0.000ns

    Location             Delay type                Incr(ns)  Path(ns)    Netlist Resource(s)
  -------------------------------------------------------------------    -------------------
                         (clock sys_clk_pin rise edge)
                                                      0.000     0.000 r  
    W5                                                0.000     0.000 r  clk (IN)
                         net (fo=0)                   0.000     0.000    clk
    W5                   IBUF (Prop_ibuf_I_O)         0.226     0.226 r  clk_IBUF_inst/O
                         net (fo=1, routed)           0.631     0.858    clk_IBUF
    BUFGCTRL_X0Y0        BUFG (Prop_bufg_I_O)         0.026     0.884 r  clk_IBUF_BUFG_inst/O
                         net (fo=656, routed)         0.588     1.471    clk_IBUF_BUFG
    SLICE_X7Y16          FDRE                                         r  led_reg[1]/C
  -------------------------------------------------------------------    -------------------
    SLICE_X7Y16          FDRE (Prop_fdre_C_Q)         0.141     1.612 r  led_reg[1]/Q
                         net (fo=1, routed)           0.616     2.228    led_OBUF[1]
    E19                  OBUF (Prop_obuf_I_O)         1.231     3.458 r  led_OBUF[1]_inst/O
                         net (fo=0)                   0.000     3.458    led[1]
    E19                                                               r  led[1] (OUT)
  -------------------------------------------------------------------    -------------------

Slack:                    inf
  Source:                 led_reg[0]/C
                            (rising edge-triggered cell FDRE clocked by sys_clk_pin  {rise@0.000ns fall@5.000ns period=10.000ns})
  Destination:            led[0]
                            (output port)
  Path Group:             (none)
  Path Type:              Min at Fast Process Corner
  Data Path Delay:        1.996ns  (logic 1.347ns (67.489%)  route 0.649ns (32.511%))
  Logic Levels:           1  (OBUF=1)
  Clock Uncertainty:      0.025ns  ((TSJ^2 + TIJ^2)^1/2 + DJ) / 2 + PE
    Total System Jitter     (TSJ):    0.050ns
    Total Input Jitter      (TIJ):    0.000ns
    Discrete Jitter          (DJ):    0.000ns
    Phase Error              (PE):    0.000ns

    Location             Delay type                Incr(ns)  Path(ns)    Netlist Resource(s)
  -------------------------------------------------------------------    -------------------
                         (clock sys_clk_pin rise edge)
                                                      0.000     0.000 r  
    W5                                                0.000     0.000 r  clk (IN)
                         net (fo=0)                   0.000     0.000    clk
    W5                   IBUF (Prop_ibuf_I_O)         0.226     0.226 r  clk_IBUF_inst/O
                         net (fo=1, routed)           0.631     0.858    clk_IBUF
    BUFGCTRL_X0Y0        BUFG (Prop_bufg_I_O)         0.026     0.884 r  clk_IBUF_BUFG_inst/O
                         net (fo=656, routed)         0.580     1.463    clk_IBUF_BUFG
    SLICE_X5Y25          FDRE                                         r  led_reg[0]/C
  -------------------------------------------------------------------    -------------------
    SLICE_X5Y25          FDRE (Prop_fdre_C_Q)         0.141     1.604 r  led_reg[0]/Q
                         net (fo=1, routed)           0.649     2.253    led_OBUF[0]
    U16                  OBUF (Prop_obuf_I_O)         1.206     3.459 r  led_OBUF[0]_inst/O
                         net (fo=0)                   0.000     3.459    led[0]
    U16                                                               r  led[0] (OUT)
  -------------------------------------------------------------------    -------------------

Slack:                    inf
  Source:                 tx_inst/tx_serial_reg/C
                            (rising edge-triggered cell FDRE clocked by sys_clk_pin  {rise@0.000ns fall@5.000ns period=10.000ns})
  Destination:            uart_rxd_out
                            (output port)
  Path Group:             (none)
  Path Type:              Min at Fast Process Corner
  Data Path Delay:        2.384ns  (logic 1.360ns (57.042%)  route 1.024ns (42.958%))
  Logic Levels:           1  (OBUF=1)
  Clock Uncertainty:      0.025ns  ((TSJ^2 + TIJ^2)^1/2 + DJ) / 2 + PE
    Total System Jitter     (TSJ):    0.050ns
    Total Input Jitter      (TIJ):    0.000ns
    Discrete Jitter          (DJ):    0.000ns
    Phase Error              (PE):    0.000ns

    Location             Delay type                Incr(ns)  Path(ns)    Netlist Resource(s)
  -------------------------------------------------------------------    -------------------
                         (clock sys_clk_pin rise edge)
                                                      0.000     0.000 r  
    W5                                                0.000     0.000 r  clk (IN)
                         net (fo=0)                   0.000     0.000    clk
    W5                   IBUF (Prop_ibuf_I_O)         0.226     0.226 r  clk_IBUF_inst/O
                         net (fo=1, routed)           0.631     0.858    clk_IBUF
    BUFGCTRL_X0Y0        BUFG (Prop_bufg_I_O)         0.026     0.884 r  clk_IBUF_BUFG_inst/O
                         net (fo=656, routed)         0.587     1.470    tx_inst/clk_IBUF_BUFG
    SLICE_X5Y32          FDRE                                         r  tx_inst/tx_serial_reg/C
  -------------------------------------------------------------------    -------------------
    SLICE_X5Y32          FDRE (Prop_fdre_C_Q)         0.141     1.611 r  tx_inst/tx_serial_reg/Q
                         net (fo=1, routed)           1.024     2.635    uart_rxd_out_OBUF
    A18                  OBUF (Prop_obuf_I_O)         1.219     3.854 r  uart_rxd_out_OBUF_inst/O
                         net (fo=0)                   0.000     3.854    uart_rxd_out
    A18                                                               r  uart_rxd_out (OUT)
  -------------------------------------------------------------------    -------------------





--------------------------------------------------------------------------------------
Path Group:  (none)
From Clock:  
  To Clock:  sys_clk_pin

Max Delay           630 Endpoints
Min Delay           630 Endpoints
--------------------------------------------------------------------------------------


Max Delay Paths
--------------------------------------------------------------------------------------
Slack:                    inf
  Source:                 btnC
                            (input port)
  Destination:            tx_data_reg[1]/R
                            (rising edge-triggered cell FDRE clocked by sys_clk_pin  {rise@0.000ns fall@5.000ns period=10.000ns})
  Path Group:             (none)
  Path Type:              Setup (Max at Slow Process Corner)
  Data Path Delay:        6.971ns  (logic 1.591ns (22.827%)  route 5.380ns (77.173%))
  Logic Levels:           2  (IBUF=1 LUT4=1)
  Clock Path Skew:        4.850ns (DCD - SCD + CPR)
    Destination Clock Delay (DCD):    4.850ns
    Source Clock Delay      (SCD):    0.000ns
    Clock Pessimism Removal (CPR):    0.000ns
  Clock Uncertainty:      0.025ns  ((TSJ^2 + TIJ^2)^1/2 + DJ) / 2 + PE
    Total System Jitter     (TSJ):    0.050ns
    Total Input Jitter      (TIJ):    0.000ns
    Discrete Jitter          (DJ):    0.000ns
    Phase Error              (PE):    0.000ns

    Location             Delay type                Incr(ns)  Path(ns)    Netlist Resource(s)
  -------------------------------------------------------------------    -------------------
    U18                                               0.000     0.000 f  btnC (IN)
                         net (fo=0)                   0.000     0.000    btnC
    U18                  IBUF (Prop_ibuf_I_O)         1.441     1.441 f  btnC_IBUF_inst/O
                         net (fo=382, routed)         4.602     6.044    tx_inst/btnC_IBUF
    SLICE_X7Y32          LUT4 (Prop_lut4_I0_O)        0.150     6.194 r  tx_inst/tx_data[7]_i_1/O
                         net (fo=4, routed)           0.777     6.971    tx_inst_n_26
    SLICE_X7Y32          FDRE                                         r  tx_data_reg[1]/R
  -------------------------------------------------------------------    -------------------

                         (clock sys_clk_pin rise edge)
                                                      0.000     0.000 r  
    W5                                                0.000     0.000 r  clk (IN)
                         net (fo=0)                   0.000     0.000    clk
    W5                   IBUF (Prop_ibuf_I_O)         1.388     1.388 r  clk_IBUF_inst/O
                         net (fo=1, routed)           1.862     3.250    clk_IBUF
    BUFGCTRL_X0Y0        BUFG (Prop_bufg_I_O)         0.091     3.341 r  clk_IBUF_BUFG_inst/O
                         net (fo=656, routed)         1.509     4.850    clk_IBUF_BUFG
    SLICE_X7Y32          FDRE                                         r  tx_data_reg[1]/C

Slack:                    inf
  Source:                 btnC
                            (input port)
  Destination:            tx_data_reg[3]/R
                            (rising edge-triggered cell FDRE clocked by sys_clk_pin  {rise@0.000ns fall@5.000ns period=10.000ns})
  Path Group:             (none)
  Path Type:              Setup (Max at Slow Process Corner)
  Data Path Delay:        6.971ns  (logic 1.591ns (22.827%)  route 5.380ns (77.173%))
  Logic Levels:           2  (IBUF=1 LUT4=1)
  Clock Path Skew:        4.850ns (DCD - SCD + CPR)
    Destination Clock Delay (DCD):    4.850ns
    Source Clock Delay      (SCD):    0.000ns
    Clock Pessimism Removal (CPR):    0.000ns
  Clock Uncertainty:      0.025ns  ((TSJ^2 + TIJ^2)^1/2 + DJ) / 2 + PE
    Total System Jitter     (TSJ):    0.050ns
    Total Input Jitter      (TIJ):    0.000ns
    Discrete Jitter          (DJ):    0.000ns
    Phase Error              (PE):    0.000ns

    Location             Delay type                Incr(ns)  Path(ns)    Netlist Resource(s)
  -------------------------------------------------------------------    -------------------
    U18                                               0.000     0.000 f  btnC (IN)
                         net (fo=0)                   0.000     0.000    btnC
    U18                  IBUF (Prop_ibuf_I_O)         1.441     1.441 f  btnC_IBUF_inst/O
                         net (fo=382, routed)         4.602     6.044    tx_inst/btnC_IBUF
    SLICE_X7Y32          LUT4 (Prop_lut4_I0_O)        0.150     6.194 r  tx_inst/tx_data[7]_i_1/O
                         net (fo=4, routed)           0.777     6.971    tx_inst_n_26
    SLICE_X7Y32          FDRE                                         r  tx_data_reg[3]/R
  -------------------------------------------------------------------    -------------------

                         (clock sys_clk_pin rise edge)
                                                      0.000     0.000 r  
    W5                                                0.000     0.000 r  clk (IN)
                         net (fo=0)                   0.000     0.000    clk
    W5                   IBUF (Prop_ibuf_I_O)         1.388     1.388 r  clk_IBUF_inst/O
                         net (fo=1, routed)           1.862     3.250    clk_IBUF
    BUFGCTRL_X0Y0        BUFG (Prop_bufg_I_O)         0.091     3.341 r  clk_IBUF_BUFG_inst/O
                         net (fo=656, routed)         1.509     4.850    clk_IBUF_BUFG
    SLICE_X7Y32          FDRE                                         r  tx_data_reg[3]/C

Slack:                    inf
  Source:                 btnC
                            (input port)
  Destination:            tx_data_reg[5]/R
                            (rising edge-triggered cell FDRE clocked by sys_clk_pin  {rise@0.000ns fall@5.000ns period=10.000ns})
  Path Group:             (none)
  Path Type:              Setup (Max at Slow Process Corner)
  Data Path Delay:        6.971ns  (logic 1.591ns (22.827%)  route 5.380ns (77.173%))
  Logic Levels:           2  (IBUF=1 LUT4=1)
  Clock Path Skew:        4.850ns (DCD - SCD + CPR)
    Destination Clock Delay (DCD):    4.850ns
    Source Clock Delay      (SCD):    0.000ns
    Clock Pessimism Removal (CPR):    0.000ns
  Clock Uncertainty:      0.025ns  ((TSJ^2 + TIJ^2)^1/2 + DJ) / 2 + PE
    Total System Jitter     (TSJ):    0.050ns
    Total Input Jitter      (TIJ):    0.000ns
    Discrete Jitter          (DJ):    0.000ns
    Phase Error              (PE):    0.000ns

    Location             Delay type                Incr(ns)  Path(ns)    Netlist Resource(s)
  -------------------------------------------------------------------    -------------------
    U18                                               0.000     0.000 f  btnC (IN)
                         net (fo=0)                   0.000     0.000    btnC
    U18                  IBUF (Prop_ibuf_I_O)         1.441     1.441 f  btnC_IBUF_inst/O
                         net (fo=382, routed)         4.602     6.044    tx_inst/btnC_IBUF
    SLICE_X7Y32          LUT4 (Prop_lut4_I0_O)        0.150     6.194 r  tx_inst/tx_data[7]_i_1/O
                         net (fo=4, routed)           0.777     6.971    tx_inst_n_26
    SLICE_X7Y32          FDRE                                         r  tx_data_reg[5]/R
  -------------------------------------------------------------------    -------------------

                         (clock sys_clk_pin rise edge)
                                                      0.000     0.000 r  
    W5                                                0.000     0.000 r  clk (IN)
                         net (fo=0)                   0.000     0.000    clk
    W5                   IBUF (Prop_ibuf_I_O)         1.388     1.388 r  clk_IBUF_inst/O
                         net (fo=1, routed)           1.862     3.250    clk_IBUF
    BUFGCTRL_X0Y0        BUFG (Prop_bufg_I_O)         0.091     3.341 r  clk_IBUF_BUFG_inst/O
                         net (fo=656, routed)         1.509     4.850    clk_IBUF_BUFG
    SLICE_X7Y32          FDRE                                         r  tx_data_reg[5]/C

Slack:                    inf
  Source:                 btnC
                            (input port)
  Destination:            tx_data_reg[7]/R
                            (rising edge-triggered cell FDRE clocked by sys_clk_pin  {rise@0.000ns fall@5.000ns period=10.000ns})
  Path Group:             (none)
  Path Type:              Setup (Max at Slow Process Corner)
  Data Path Delay:        6.971ns  (logic 1.591ns (22.827%)  route 5.380ns (77.173%))
  Logic Levels:           2  (IBUF=1 LUT4=1)
  Clock Path Skew:        4.850ns (DCD - SCD + CPR)
    Destination Clock Delay (DCD):    4.850ns
    Source Clock Delay      (SCD):    0.000ns
    Clock Pessimism Removal (CPR):    0.000ns
  Clock Uncertainty:      0.025ns  ((TSJ^2 + TIJ^2)^1/2 + DJ) / 2 + PE
    Total System Jitter     (TSJ):    0.050ns
    Total Input Jitter      (TIJ):    0.000ns
    Discrete Jitter          (DJ):    0.000ns
    Phase Error              (PE):    0.000ns

    Location             Delay type                Incr(ns)  Path(ns)    Netlist Resource(s)
  -------------------------------------------------------------------    -------------------
    U18                                               0.000     0.000 f  btnC (IN)
                         net (fo=0)                   0.000     0.000    btnC
    U18                  IBUF (Prop_ibuf_I_O)         1.441     1.441 f  btnC_IBUF_inst/O
                         net (fo=382, routed)         4.602     6.044    tx_inst/btnC_IBUF
    SLICE_X7Y32          LUT4 (Prop_lut4_I0_O)        0.150     6.194 r  tx_inst/tx_data[7]_i_1/O
                         net (fo=4, routed)           0.777     6.971    tx_inst_n_26
    SLICE_X7Y32          FDRE                                         r  tx_data_reg[7]/R
  -------------------------------------------------------------------    -------------------

                         (clock sys_clk_pin rise edge)
                                                      0.000     0.000 r  
    W5                                                0.000     0.000 r  clk (IN)
                         net (fo=0)                   0.000     0.000    clk
    W5                   IBUF (Prop_ibuf_I_O)         1.388     1.388 r  clk_IBUF_inst/O
                         net (fo=1, routed)           1.862     3.250    clk_IBUF
    BUFGCTRL_X0Y0        BUFG (Prop_bufg_I_O)         0.091     3.341 r  clk_IBUF_BUFG_inst/O
                         net (fo=656, routed)         1.509     4.850    clk_IBUF_BUFG
    SLICE_X7Y32          FDRE                                         r  tx_data_reg[7]/C

Slack:                    inf
  Source:                 btnC
                            (input port)
  Destination:            tx_data_reg[1]/CE
                            (rising edge-triggered cell FDRE clocked by sys_clk_pin  {rise@0.000ns fall@5.000ns period=10.000ns})
  Path Group:             (none)
  Path Type:              Setup (Max at Slow Process Corner)
  Data Path Delay:        6.698ns  (logic 1.565ns (23.368%)  route 5.133ns (76.632%))
  Logic Levels:           2  (IBUF=1 LUT2=1)
  Clock Path Skew:        4.850ns (DCD - SCD + CPR)
    Destination Clock Delay (DCD):    4.850ns
    Source Clock Delay      (SCD):    0.000ns
    Clock Pessimism Removal (CPR):    0.000ns
  Clock Uncertainty:      0.025ns  ((TSJ^2 + TIJ^2)^1/2 + DJ) / 2 + PE
    Total System Jitter     (TSJ):    0.050ns
    Total Input Jitter      (TIJ):    0.000ns
    Discrete Jitter          (DJ):    0.000ns
    Phase Error              (PE):    0.000ns

    Location             Delay type                Incr(ns)  Path(ns)    Netlist Resource(s)
  -------------------------------------------------------------------    -------------------
    U18                                               0.000     0.000 f  btnC (IN)
                         net (fo=0)                   0.000     0.000    btnC
    U18                  IBUF (Prop_ibuf_I_O)         1.441     1.441 f  btnC_IBUF_inst/O
                         net (fo=382, routed)         4.602     6.044    tx_inst/btnC_IBUF
    SLICE_X7Y32          LUT2 (Prop_lut2_I1_O)        0.124     6.168 r  tx_inst/tx_data[7]_i_2/O
                         net (fo=8, routed)           0.531     6.698    tx_inst_n_7
    SLICE_X7Y32          FDRE                                         r  tx_data_reg[1]/CE
  -------------------------------------------------------------------    -------------------

                         (clock sys_clk_pin rise edge)
                                                      0.000     0.000 r  
    W5                                                0.000     0.000 r  clk (IN)
                         net (fo=0)                   0.000     0.000    clk
    W5                   IBUF (Prop_ibuf_I_O)         1.388     1.388 r  clk_IBUF_inst/O
                         net (fo=1, routed)           1.862     3.250    clk_IBUF
    BUFGCTRL_X0Y0        BUFG (Prop_bufg_I_O)         0.091     3.341 r  clk_IBUF_BUFG_inst/O
                         net (fo=656, routed)         1.509     4.850    clk_IBUF_BUFG
    SLICE_X7Y32          FDRE                                         r  tx_data_reg[1]/C

Slack:                    inf
  Source:                 btnC
                            (input port)
  Destination:            tx_data_reg[3]/CE
                            (rising edge-triggered cell FDRE clocked by sys_clk_pin  {rise@0.000ns fall@5.000ns period=10.000ns})
  Path Group:             (none)
  Path Type:              Setup (Max at Slow Process Corner)
  Data Path Delay:        6.698ns  (logic 1.565ns (23.368%)  route 5.133ns (76.632%))
  Logic Levels:           2  (IBUF=1 LUT2=1)
  Clock Path Skew:        4.850ns (DCD - SCD + CPR)
    Destination Clock Delay (DCD):    4.850ns
    Source Clock Delay      (SCD):    0.000ns
    Clock Pessimism Removal (CPR):    0.000ns
  Clock Uncertainty:      0.025ns  ((TSJ^2 + TIJ^2)^1/2 + DJ) / 2 + PE
    Total System Jitter     (TSJ):    0.050ns
    Total Input Jitter      (TIJ):    0.000ns
    Discrete Jitter          (DJ):    0.000ns
    Phase Error              (PE):    0.000ns

    Location             Delay type                Incr(ns)  Path(ns)    Netlist Resource(s)
  -------------------------------------------------------------------    -------------------
    U18                                               0.000     0.000 f  btnC (IN)
                         net (fo=0)                   0.000     0.000    btnC
    U18                  IBUF (Prop_ibuf_I_O)         1.441     1.441 f  btnC_IBUF_inst/O
                         net (fo=382, routed)         4.602     6.044    tx_inst/btnC_IBUF
    SLICE_X7Y32          LUT2 (Prop_lut2_I1_O)        0.124     6.168 r  tx_inst/tx_data[7]_i_2/O
                         net (fo=8, routed)           0.531     6.698    tx_inst_n_7
    SLICE_X7Y32          FDRE                                         r  tx_data_reg[3]/CE
  -------------------------------------------------------------------    -------------------

                         (clock sys_clk_pin rise edge)
                                                      0.000     0.000 r  
    W5                                                0.000     0.000 r  clk (IN)
                         net (fo=0)                   0.000     0.000    clk
    W5                   IBUF (Prop_ibuf_I_O)         1.388     1.388 r  clk_IBUF_inst/O
                         net (fo=1, routed)           1.862     3.250    clk_IBUF
    BUFGCTRL_X0Y0        BUFG (Prop_bufg_I_O)         0.091     3.341 r  clk_IBUF_BUFG_inst/O
                         net (fo=656, routed)         1.509     4.850    clk_IBUF_BUFG
    SLICE_X7Y32          FDRE                                         r  tx_data_reg[3]/C

Slack:                    inf
  Source:                 btnC
                            (input port)
  Destination:            tx_data_reg[5]/CE
                            (rising edge-triggered cell FDRE clocked by sys_clk_pin  {rise@0.000ns fall@5.000ns period=10.000ns})
  Path Group:             (none)
  Path Type:              Setup (Max at Slow Process Corner)
  Data Path Delay:        6.698ns  (logic 1.565ns (23.368%)  route 5.133ns (76.632%))
  Logic Levels:           2  (IBUF=1 LUT2=1)
  Clock Path Skew:        4.850ns (DCD - SCD + CPR)
    Destination Clock Delay (DCD):    4.850ns
    Source Clock Delay      (SCD):    0.000ns
    Clock Pessimism Removal (CPR):    0.000ns
  Clock Uncertainty:      0.025ns  ((TSJ^2 + TIJ^2)^1/2 + DJ) / 2 + PE
    Total System Jitter     (TSJ):    0.050ns
    Total Input Jitter      (TIJ):    0.000ns
    Discrete Jitter          (DJ):    0.000ns
    Phase Error              (PE):    0.000ns

    Location             Delay type                Incr(ns)  Path(ns)    Netlist Resource(s)
  -------------------------------------------------------------------    -------------------
    U18                                               0.000     0.000 f  btnC (IN)
                         net (fo=0)                   0.000     0.000    btnC
    U18                  IBUF (Prop_ibuf_I_O)         1.441     1.441 f  btnC_IBUF_inst/O
                         net (fo=382, routed)         4.602     6.044    tx_inst/btnC_IBUF
    SLICE_X7Y32          LUT2 (Prop_lut2_I1_O)        0.124     6.168 r  tx_inst/tx_data[7]_i_2/O
                         net (fo=8, routed)           0.531     6.698    tx_inst_n_7
    SLICE_X7Y32          FDRE                                         r  tx_data_reg[5]/CE
  -------------------------------------------------------------------    -------------------

                         (clock sys_clk_pin rise edge)
                                                      0.000     0.000 r  
    W5                                                0.000     0.000 r  clk (IN)
                         net (fo=0)                   0.000     0.000    clk
    W5                   IBUF (Prop_ibuf_I_O)         1.388     1.388 r  clk_IBUF_inst/O
                         net (fo=1, routed)           1.862     3.250    clk_IBUF
    BUFGCTRL_X0Y0        BUFG (Prop_bufg_I_O)         0.091     3.341 r  clk_IBUF_BUFG_inst/O
                         net (fo=656, routed)         1.509     4.850    clk_IBUF_BUFG
    SLICE_X7Y32          FDRE                                         r  tx_data_reg[5]/C

Slack:                    inf
  Source:                 btnC
                            (input port)
  Destination:            tx_data_reg[7]/CE
                            (rising edge-triggered cell FDRE clocked by sys_clk_pin  {rise@0.000ns fall@5.000ns period=10.000ns})
  Path Group:             (none)
  Path Type:              Setup (Max at Slow Process Corner)
  Data Path Delay:        6.698ns  (logic 1.565ns (23.368%)  route 5.133ns (76.632%))
  Logic Levels:           2  (IBUF=1 LUT2=1)
  Clock Path Skew:        4.850ns (DCD - SCD + CPR)
    Destination Clock Delay (DCD):    4.850ns
    Source Clock Delay      (SCD):    0.000ns
    Clock Pessimism Removal (CPR):    0.000ns
  Clock Uncertainty:      0.025ns  ((TSJ^2 + TIJ^2)^1/2 + DJ) / 2 + PE
    Total System Jitter     (TSJ):    0.050ns
    Total Input Jitter      (TIJ):    0.000ns
    Discrete Jitter          (DJ):    0.000ns
    Phase Error              (PE):    0.000ns

    Location             Delay type                Incr(ns)  Path(ns)    Netlist Resource(s)
  -------------------------------------------------------------------    -------------------
    U18                                               0.000     0.000 f  btnC (IN)
                         net (fo=0)                   0.000     0.000    btnC
    U18                  IBUF (Prop_ibuf_I_O)         1.441     1.441 f  btnC_IBUF_inst/O
                         net (fo=382, routed)         4.602     6.044    tx_inst/btnC_IBUF
    SLICE_X7Y32          LUT2 (Prop_lut2_I1_O)        0.124     6.168 r  tx_inst/tx_data[7]_i_2/O
                         net (fo=8, routed)           0.531     6.698    tx_inst_n_7
    SLICE_X7Y32          FDRE                                         r  tx_data_reg[7]/CE
  -------------------------------------------------------------------    -------------------

                         (clock sys_clk_pin rise edge)
                                                      0.000     0.000 r  
    W5                                                0.000     0.000 r  clk (IN)
                         net (fo=0)                   0.000     0.000    clk
    W5                   IBUF (Prop_ibuf_I_O)         1.388     1.388 r  clk_IBUF_inst/O
                         net (fo=1, routed)           1.862     3.250    clk_IBUF
    BUFGCTRL_X0Y0        BUFG (Prop_bufg_I_O)         0.091     3.341 r  clk_IBUF_BUFG_inst/O
                         net (fo=656, routed)         1.509     4.850    clk_IBUF_BUFG
    SLICE_X7Y32          FDRE                                         r  tx_data_reg[7]/C

Slack:                    inf
  Source:                 btnC
                            (input port)
  Destination:            out_buf/ram_reg_3/WEA[0]
                            (rising edge-triggered cell RAMB36E1 clocked by sys_clk_pin  {rise@0.000ns fall@5.000ns period=10.000ns})
  Path Group:             (none)
  Path Type:              Setup (Max at Slow Process Corner)
  Data Path Delay:        6.608ns  (logic 1.565ns (23.688%)  route 5.043ns (76.312%))
  Logic Levels:           2  (IBUF=1 LUT2=1)
  Clock Path Skew:        4.834ns (DCD - SCD + CPR)
    Destination Clock Delay (DCD):    4.834ns
    Source Clock Delay      (SCD):    0.000ns
    Clock Pessimism Removal (CPR):    0.000ns
  Clock Uncertainty:      0.025ns  ((TSJ^2 + TIJ^2)^1/2 + DJ) / 2 + PE
    Total System Jitter     (TSJ):    0.050ns
    Total Input Jitter      (TIJ):    0.000ns
    Discrete Jitter          (DJ):    0.000ns
    Phase Error              (PE):    0.000ns

    Location             Delay type                Incr(ns)  Path(ns)    Netlist Resource(s)
  -------------------------------------------------------------------    -------------------
    U18                                               0.000     0.000 f  btnC (IN)
                         net (fo=0)                   0.000     0.000    btnC
    U18                  IBUF (Prop_ibuf_I_O)         1.441     1.441 f  btnC_IBUF_inst/O
                         net (fo=382, routed)         3.446     4.888    out_buf/btnC_IBUF
    SLICE_X7Y24          LUT2 (Prop_lut2_I1_O)        0.124     5.012 r  out_buf/ram_reg_0_i_1/O
                         net (fo=4, routed)           1.597     6.608    out_buf/ram_reg_0_i_1_n_0
    RAMB36_X0Y8          RAMB36E1                                     r  out_buf/ram_reg_3/WEA[0]
  -------------------------------------------------------------------    -------------------

                         (clock sys_clk_pin rise edge)
                                                      0.000     0.000 r  
    W5                                                0.000     0.000 r  clk (IN)
                         net (fo=0)                   0.000     0.000    clk
    W5                   IBUF (Prop_ibuf_I_O)         1.388     1.388 r  clk_IBUF_inst/O
                         net (fo=1, routed)           1.862     3.250    clk_IBUF
    BUFGCTRL_X0Y0        BUFG (Prop_bufg_I_O)         0.091     3.341 r  clk_IBUF_BUFG_inst/O
                         net (fo=656, routed)         1.493     4.834    out_buf/clk_IBUF_BUFG
    RAMB36_X0Y8          RAMB36E1                                     r  out_buf/ram_reg_3/CLKARDCLK

Slack:                    inf
  Source:                 btnC
                            (input port)
  Destination:            core/blur_pipe_1/col_inst/lb1_reg_0_127_0_0/HIGH/WE
                            (rising edge-triggered cell RAMS64E clocked by sys_clk_pin  {rise@0.000ns fall@5.000ns period=10.000ns})
  Path Group:             (none)
  Path Type:              Setup (Max at Slow Process Corner)
  Data Path Delay:        6.529ns  (logic 1.594ns (24.417%)  route 4.935ns (75.583%))
  Logic Levels:           2  (IBUF=1 LUT2=1)
  Clock Path Skew:        4.779ns (DCD - SCD + CPR)
    Destination Clock Delay (DCD):    4.779ns
    Source Clock Delay      (SCD):    0.000ns
    Clock Pessimism Removal (CPR):    0.000ns
  Clock Uncertainty:      0.025ns  ((TSJ^2 + TIJ^2)^1/2 + DJ) / 2 + PE
    Total System Jitter     (TSJ):    0.050ns
    Total Input Jitter      (TIJ):    0.000ns
    Discrete Jitter          (DJ):    0.000ns
    Phase Error              (PE):    0.000ns

    Location             Delay type                Incr(ns)  Path(ns)    Netlist Resource(s)
  -------------------------------------------------------------------    -------------------
    U18                                               0.000     0.000 f  btnC (IN)
                         net (fo=0)                   0.000     0.000    btnC
    U18                  IBUF (Prop_ibuf_I_O)         1.441     1.441 f  btnC_IBUF_inst/O
                         net (fo=382, routed)         3.508     4.949    core/blur_pipe_1/row_inst/btnC_IBUF
    SLICE_X8Y23          LUT2 (Prop_lut2_I1_O)        0.153     5.102 r  core/blur_pipe_1/row_inst/t4[7]_i_1/O
                         net (fo=81, routed)          1.428     6.529    core/blur_pipe_1/col_inst/lb1_reg_0_127_0_0/WE
    SLICE_X14Y21         RAMS64E                                      r  core/blur_pipe_1/col_inst/lb1_reg_0_127_0_0/HIGH/WE
  -------------------------------------------------------------------    -------------------

                         (clock sys_clk_pin rise edge)
                                                      0.000     0.000 r  
    W5                                                0.000     0.000 r  clk (IN)
                         net (fo=0)                   0.000     0.000    clk
    W5                   IBUF (Prop_ibuf_I_O)         1.388     1.388 r  clk_IBUF_inst/O
                         net (fo=1, routed)           1.862     3.250    clk_IBUF
    BUFGCTRL_X0Y0        BUFG (Prop_bufg_I_O)         0.091     3.341 r  clk_IBUF_BUFG_inst/O
                         net (fo=656, routed)         1.438     4.779    core/blur_pipe_1/col_inst/lb1_reg_0_127_0_0/WCLK
    SLICE_X14Y21         RAMS64E                                      r  core/blur_pipe_1/col_inst/lb1_reg_0_127_0_0/HIGH/CLK





Min Delay Paths
--------------------------------------------------------------------------------------
Slack:                    inf
  Source:                 btnC
                            (input port)
  Destination:            core/blur_pipe_1/row_inst/t1_reg[0]/R
                            (rising edge-triggered cell FDRE clocked by sys_clk_pin  {rise@0.000ns fall@5.000ns period=10.000ns})
  Path Group:             (none)
  Path Type:              Hold (Min at Fast Process Corner)
  Data Path Delay:        0.642ns  (logic 0.210ns (32.614%)  route 0.433ns (67.386%))
  Logic Levels:           1  (IBUF=1)
  Clock Path Skew:        1.986ns (DCD - SCD - CPR)
    Destination Clock Delay (DCD):    1.986ns
    Source Clock Delay      (SCD):    0.000ns
    Clock Pessimism Removal (CPR):    -0.000ns

    Location             Delay type                Incr(ns)  Path(ns)    Netlist Resource(s)
  -------------------------------------------------------------------    -------------------
    U18                                               0.000     0.000 r  btnC (IN)
                         net (fo=0)                   0.000     0.000    btnC
    U18                  IBUF (Prop_ibuf_I_O)         0.210     0.210 r  btnC_IBUF_inst/O
                         net (fo=382, routed)         0.433     0.642    core/blur_pipe_1/row_inst/btnC_IBUF
    SLICE_X5Y13          FDRE                                         r  core/blur_pipe_1/row_inst/t1_reg[0]/R
  -------------------------------------------------------------------    -------------------

                         (clock sys_clk_pin rise edge)
                                                      0.000     0.000 r  
    W5                                                0.000     0.000 r  clk (IN)
                         net (fo=0)                   0.000     0.000    clk
    W5                   IBUF (Prop_ibuf_I_O)         0.414     0.414 r  clk_IBUF_inst/O
                         net (fo=1, routed)           0.685     1.099    clk_IBUF
    BUFGCTRL_X0Y0        BUFG (Prop_bufg_I_O)         0.029     1.128 r  clk_IBUF_BUFG_inst/O
                         net (fo=656, routed)         0.859     1.986    core/blur_pipe_1/row_inst/clk_IBUF_BUFG
    SLICE_X5Y13          FDRE                                         r  core/blur_pipe_1/row_inst/t1_reg[0]/C

Slack:                    inf
  Source:                 btnC
                            (input port)
  Destination:            core/blur_pipe_1/row_inst/t0_reg[1]/R
                            (rising edge-triggered cell FDRE clocked by sys_clk_pin  {rise@0.000ns fall@5.000ns period=10.000ns})
  Path Group:             (none)
  Path Type:              Hold (Min at Fast Process Corner)
  Data Path Delay:        0.647ns  (logic 0.210ns (32.395%)  route 0.437ns (67.605%))
  Logic Levels:           1  (IBUF=1)
  Clock Path Skew:        1.986ns (DCD - SCD - CPR)
    Destination Clock Delay (DCD):    1.986ns
    Source Clock Delay      (SCD):    0.000ns
    Clock Pessimism Removal (CPR):    -0.000ns

    Location             Delay type                Incr(ns)  Path(ns)    Netlist Resource(s)
  -------------------------------------------------------------------    -------------------
    U18                                               0.000     0.000 r  btnC (IN)
                         net (fo=0)                   0.000     0.000    btnC
    U18                  IBUF (Prop_ibuf_I_O)         0.210     0.210 r  btnC_IBUF_inst/O
                         net (fo=382, routed)         0.437     0.647    core/blur_pipe_1/row_inst/btnC_IBUF
    SLICE_X4Y13          FDRE                                         r  core/blur_pipe_1/row_inst/t0_reg[1]/R
  -------------------------------------------------------------------    -------------------

                         (clock sys_clk_pin rise edge)
                                                      0.000     0.000 r  
    W5                                                0.000     0.000 r  clk (IN)
                         net (fo=0)                   0.000     0.000    clk
    W5                   IBUF (Prop_ibuf_I_O)         0.414     0.414 r  clk_IBUF_inst/O
                         net (fo=1, routed)           0.685     1.099    clk_IBUF
    BUFGCTRL_X0Y0        BUFG (Prop_bufg_I_O)         0.029     1.128 r  clk_IBUF_BUFG_inst/O
                         net (fo=656, routed)         0.859     1.986    core/blur_pipe_1/row_inst/clk_IBUF_BUFG
    SLICE_X4Y13          FDRE                                         r  core/blur_pipe_1/row_inst/t0_reg[1]/C

Slack:                    inf
  Source:                 btnC
                            (input port)
  Destination:            core/blur_pipe_1/row_inst/t0_reg[2]/R
                            (rising edge-triggered cell FDRE clocked by sys_clk_pin  {rise@0.000ns fall@5.000ns period=10.000ns})
  Path Group:             (none)
  Path Type:              Hold (Min at Fast Process Corner)
  Data Path Delay:        0.647ns  (logic 0.210ns (32.395%)  route 0.437ns (67.605%))
  Logic Levels:           1  (IBUF=1)
  Clock Path Skew:        1.986ns (DCD - SCD - CPR)
    Destination Clock Delay (DCD):    1.986ns
    Source Clock Delay      (SCD):    0.000ns
    Clock Pessimism Removal (CPR):    -0.000ns

    Location             Delay type                Incr(ns)  Path(ns)    Netlist Resource(s)
  -------------------------------------------------------------------    -------------------
    U18                                               0.000     0.000 r  btnC (IN)
                         net (fo=0)                   0.000     0.000    btnC
    U18                  IBUF (Prop_ibuf_I_O)         0.210     0.210 r  btnC_IBUF_inst/O
                         net (fo=382, routed)         0.437     0.647    core/blur_pipe_1/row_inst/btnC_IBUF
    SLICE_X4Y13          FDRE                                         r  core/blur_pipe_1/row_inst/t0_reg[2]/R
  -------------------------------------------------------------------    -------------------

                         (clock sys_clk_pin rise edge)
                                                      0.000     0.000 r  
    W5                                                0.000     0.000 r  clk (IN)
                         net (fo=0)                   0.000     0.000    clk
    W5                   IBUF (Prop_ibuf_I_O)         0.414     0.414 r  clk_IBUF_inst/O
                         net (fo=1, routed)           0.685     1.099    clk_IBUF
    BUFGCTRL_X0Y0        BUFG (Prop_bufg_I_O)         0.029     1.128 r  clk_IBUF_BUFG_inst/O
                         net (fo=656, routed)         0.859     1.986    core/blur_pipe_1/row_inst/clk_IBUF_BUFG
    SLICE_X4Y13          FDRE                                         r  core/blur_pipe_1/row_inst/t0_reg[2]/C

Slack:                    inf
  Source:                 btnC
                            (input port)
  Destination:            core/blur_pipe_1/row_inst/t3_reg[1]/R
                            (rising edge-triggered cell FDRE clocked by sys_clk_pin  {rise@0.000ns fall@5.000ns period=10.000ns})
  Path Group:             (none)
  Path Type:              Hold (Min at Fast Process Corner)
  Data Path Delay:        0.647ns  (logic 0.210ns (32.395%)  route 0.437ns (67.605%))
  Logic Levels:           1  (IBUF=1)
  Clock Path Skew:        1.986ns (DCD - SCD - CPR)
    Destination Clock Delay (DCD):    1.986ns
    Source Clock Delay      (SCD):    0.000ns
    Clock Pessimism Removal (CPR):    -0.000ns

    Location             Delay type                Incr(ns)  Path(ns)    Netlist Resource(s)
  -------------------------------------------------------------------    -------------------
    U18                                               0.000     0.000 r  btnC (IN)
                         net (fo=0)                   0.000     0.000    btnC
    U18                  IBUF (Prop_ibuf_I_O)         0.210     0.210 r  btnC_IBUF_inst/O
                         net (fo=382, routed)         0.437     0.647    core/blur_pipe_1/row_inst/btnC_IBUF
    SLICE_X4Y13          FDRE                                         r  core/blur_pipe_1/row_inst/t3_reg[1]/R
  -------------------------------------------------------------------    -------------------

                         (clock sys_clk_pin rise edge)
                                                      0.000     0.000 r  
    W5                                                0.000     0.000 r  clk (IN)
                         net (fo=0)                   0.000     0.000    clk
    W5                   IBUF (Prop_ibuf_I_O)         0.414     0.414 r  clk_IBUF_inst/O
                         net (fo=1, routed)           0.685     1.099    clk_IBUF
    BUFGCTRL_X0Y0        BUFG (Prop_bufg_I_O)         0.029     1.128 r  clk_IBUF_BUFG_inst/O
                         net (fo=656, routed)         0.859     1.986    core/blur_pipe_1/row_inst/clk_IBUF_BUFG
    SLICE_X4Y13          FDRE                                         r  core/blur_pipe_1/row_inst/t3_reg[1]/C

Slack:                    inf
  Source:                 btnC
                            (input port)
  Destination:            core/blur_pipe_1/row_inst/t4_reg[1]/R
                            (rising edge-triggered cell FDRE clocked by sys_clk_pin  {rise@0.000ns fall@5.000ns period=10.000ns})
  Path Group:             (none)
  Path Type:              Hold (Min at Fast Process Corner)
  Data Path Delay:        0.647ns  (logic 0.210ns (32.395%)  route 0.437ns (67.605%))
  Logic Levels:           1  (IBUF=1)
  Clock Path Skew:        1.986ns (DCD - SCD - CPR)
    Destination Clock Delay (DCD):    1.986ns
    Source Clock Delay      (SCD):    0.000ns
    Clock Pessimism Removal (CPR):    -0.000ns

    Location             Delay type                Incr(ns)  Path(ns)    Netlist Resource(s)
  -------------------------------------------------------------------    -------------------
    U18                                               0.000     0.000 r  btnC (IN)
                         net (fo=0)                   0.000     0.000    btnC
    U18                  IBUF (Prop_ibuf_I_O)         0.210     0.210 r  btnC_IBUF_inst/O
                         net (fo=382, routed)         0.437     0.647    core/blur_pipe_1/row_inst/btnC_IBUF
    SLICE_X4Y13          FDRE                                         r  core/blur_pipe_1/row_inst/t4_reg[1]/R
  -------------------------------------------------------------------    -------------------

                         (clock sys_clk_pin rise edge)
                                                      0.000     0.000 r  
    W5                                                0.000     0.000 r  clk (IN)
                         net (fo=0)                   0.000     0.000    clk
    W5                   IBUF (Prop_ibuf_I_O)         0.414     0.414 r  clk_IBUF_inst/O
                         net (fo=1, routed)           0.685     1.099    clk_IBUF
    BUFGCTRL_X0Y0        BUFG (Prop_bufg_I_O)         0.029     1.128 r  clk_IBUF_BUFG_inst/O
                         net (fo=656, routed)         0.859     1.986    core/blur_pipe_1/row_inst/clk_IBUF_BUFG
    SLICE_X4Y13          FDRE                                         r  core/blur_pipe_1/row_inst/t4_reg[1]/C

Slack:                    inf
  Source:                 btnC
                            (input port)
  Destination:            core/blur_pipe_1/row_inst/t0_reg[6]/R
                            (rising edge-triggered cell FDRE clocked by sys_clk_pin  {rise@0.000ns fall@5.000ns period=10.000ns})
  Path Group:             (none)
  Path Type:              Hold (Min at Fast Process Corner)
  Data Path Delay:        0.700ns  (logic 0.210ns (29.952%)  route 0.490ns (70.048%))
  Logic Levels:           1  (IBUF=1)
  Clock Path Skew:        1.988ns (DCD - SCD - CPR)
    Destination Clock Delay (DCD):    1.988ns
    Source Clock Delay      (SCD):    0.000ns
    Clock Pessimism Removal (CPR):    -0.000ns

    Location             Delay type                Incr(ns)  Path(ns)    Netlist Resource(s)
  -------------------------------------------------------------------    -------------------
    U18                                               0.000     0.000 r  btnC (IN)
                         net (fo=0)                   0.000     0.000    btnC
    U18                  IBUF (Prop_ibuf_I_O)         0.210     0.210 r  btnC_IBUF_inst/O
                         net (fo=382, routed)         0.490     0.700    core/blur_pipe_1/row_inst/btnC_IBUF
    SLICE_X3Y14          FDRE                                         r  core/blur_pipe_1/row_inst/t0_reg[6]/R
  -------------------------------------------------------------------    -------------------

                         (clock sys_clk_pin rise edge)
                                                      0.000     0.000 r  
    W5                                                0.000     0.000 r  clk (IN)
                         net (fo=0)                   0.000     0.000    clk
    W5                   IBUF (Prop_ibuf_I_O)         0.414     0.414 r  clk_IBUF_inst/O
                         net (fo=1, routed)           0.685     1.099    clk_IBUF
    BUFGCTRL_X0Y0        BUFG (Prop_bufg_I_O)         0.029     1.128 r  clk_IBUF_BUFG_inst/O
                         net (fo=656, routed)         0.861     1.988    core/blur_pipe_1/row_inst/clk_IBUF_BUFG
    SLICE_X3Y14          FDRE                                         r  core/blur_pipe_1/row_inst/t0_reg[6]/C

Slack:                    inf
  Source:                 btnC
                            (input port)
  Destination:            core/blur_pipe_1/row_inst/t1_reg[6]/R
                            (rising edge-triggered cell FDRE clocked by sys_clk_pin  {rise@0.000ns fall@5.000ns period=10.000ns})
  Path Group:             (none)
  Path Type:              Hold (Min at Fast Process Corner)
  Data Path Delay:        0.700ns  (logic 0.210ns (29.952%)  route 0.490ns (70.048%))
  Logic Levels:           1  (IBUF=1)
  Clock Path Skew:        1.988ns (DCD - SCD - CPR)
    Destination Clock Delay (DCD):    1.988ns
    Source Clock Delay      (SCD):    0.000ns
    Clock Pessimism Removal (CPR):    -0.000ns

    Location             Delay type                Incr(ns)  Path(ns)    Netlist Resource(s)
  -------------------------------------------------------------------    -------------------
    U18                                               0.000     0.000 r  btnC (IN)
                         net (fo=0)                   0.000     0.000    btnC
    U18                  IBUF (Prop_ibuf_I_O)         0.210     0.210 r  btnC_IBUF_inst/O
                         net (fo=382, routed)         0.490     0.700    core/blur_pipe_1/row_inst/btnC_IBUF
    SLICE_X3Y14          FDRE                                         r  core/blur_pipe_1/row_inst/t1_reg[6]/R
  -------------------------------------------------------------------    -------------------

                         (clock sys_clk_pin rise edge)
                                                      0.000     0.000 r  
    W5                                                0.000     0.000 r  clk (IN)
                         net (fo=0)                   0.000     0.000    clk
    W5                   IBUF (Prop_ibuf_I_O)         0.414     0.414 r  clk_IBUF_inst/O
                         net (fo=1, routed)           0.685     1.099    clk_IBUF
    BUFGCTRL_X0Y0        BUFG (Prop_bufg_I_O)         0.029     1.128 r  clk_IBUF_BUFG_inst/O
                         net (fo=656, routed)         0.861     1.988    core/blur_pipe_1/row_inst/clk_IBUF_BUFG
    SLICE_X3Y14          FDRE                                         r  core/blur_pipe_1/row_inst/t1_reg[6]/C

Slack:                    inf
  Source:                 btnC
                            (input port)
  Destination:            core/blur_pipe_1/row_inst/t1_reg[1]/R
                            (rising edge-triggered cell FDRE clocked by sys_clk_pin  {rise@0.000ns fall@5.000ns period=10.000ns})
  Path Group:             (none)
  Path Type:              Hold (Min at Fast Process Corner)
  Data Path Delay:        0.710ns  (logic 0.210ns (29.507%)  route 0.501ns (70.493%))
  Logic Levels:           1  (IBUF=1)
  Clock Path Skew:        1.986ns (DCD - SCD - CPR)
    Destination Clock Delay (DCD):    1.986ns
    Source Clock Delay      (SCD):    0.000ns
    Clock Pessimism Removal (CPR):    -0.000ns

    Location             Delay type                Incr(ns)  Path(ns)    Netlist Resource(s)
  -------------------------------------------------------------------    -------------------
    U18                                               0.000     0.000 r  btnC (IN)
                         net (fo=0)                   0.000     0.000    btnC
    U18                  IBUF (Prop_ibuf_I_O)         0.210     0.210 r  btnC_IBUF_inst/O
                         net (fo=382, routed)         0.501     0.710    core/blur_pipe_1/row_inst/btnC_IBUF
    SLICE_X4Y14          FDRE                                         r  core/blur_pipe_1/row_inst/t1_reg[1]/R
  -------------------------------------------------------------------    -------------------

                         (clock sys_clk_pin rise edge)
                                                      0.000     0.000 r  
    W5                                                0.000     0.000 r  clk (IN)
                         net (fo=0)                   0.000     0.000    clk
    W5                   IBUF (Prop_ibuf_I_O)         0.414     0.414 r  clk_IBUF_inst/O
                         net (fo=1, routed)           0.685     1.099    clk_IBUF
    BUFGCTRL_X0Y0        BUFG (Prop_bufg_I_O)         0.029     1.128 r  clk_IBUF_BUFG_inst/O
                         net (fo=656, routed)         0.859     1.986    core/blur_pipe_1/row_inst/clk_IBUF_BUFG
    SLICE_X4Y14          FDRE                                         r  core/blur_pipe_1/row_inst/t1_reg[1]/C

Slack:                    inf
  Source:                 btnC
                            (input port)
  Destination:            core/blur_pipe_1/row_inst/t1_reg[2]/R
                            (rising edge-triggered cell FDRE clocked by sys_clk_pin  {rise@0.000ns fall@5.000ns period=10.000ns})
  Path Group:             (none)
  Path Type:              Hold (Min at Fast Process Corner)
  Data Path Delay:        0.710ns  (logic 0.210ns (29.507%)  route 0.501ns (70.493%))
  Logic Levels:           1  (IBUF=1)
  Clock Path Skew:        1.986ns (DCD - SCD - CPR)
    Destination Clock Delay (DCD):    1.986ns
    Source Clock Delay      (SCD):    0.000ns
    Clock Pessimism Removal (CPR):    -0.000ns

    Location             Delay type                Incr(ns)  Path(ns)    Netlist Resource(s)
  -------------------------------------------------------------------    -------------------
    U18                                               0.000     0.000 r  btnC (IN)
                         net (fo=0)                   0.000     0.000    btnC
    U18                  IBUF (Prop_ibuf_I_O)         0.210     0.210 r  btnC_IBUF_inst/O
                         net (fo=382, routed)         0.501     0.710    core/blur_pipe_1/row_inst/btnC_IBUF
    SLICE_X4Y14          FDRE                                         r  core/blur_pipe_1/row_inst/t1_reg[2]/R
  -------------------------------------------------------------------    -------------------

                         (clock sys_clk_pin rise edge)
                                                      0.000     0.000 r  
    W5                                                0.000     0.000 r  clk (IN)
                         net (fo=0)                   0.000     0.000    clk
    W5                   IBUF (Prop_ibuf_I_O)         0.414     0.414 r  clk_IBUF_inst/O
                         net (fo=1, routed)           0.685     1.099    clk_IBUF
    BUFGCTRL_X0Y0        BUFG (Prop_bufg_I_O)         0.029     1.128 r  clk_IBUF_BUFG_inst/O
                         net (fo=656, routed)         0.859     1.986    core/blur_pipe_1/row_inst/clk_IBUF_BUFG
    SLICE_X4Y14          FDRE                                         r  core/blur_pipe_1/row_inst/t1_reg[2]/C

Slack:                    inf
  Source:                 btnC
                            (input port)
  Destination:            core/blur_pipe_1/row_inst/t2_reg[1]/R
                            (rising edge-triggered cell FDRE clocked by sys_clk_pin  {rise@0.000ns fall@5.000ns period=10.000ns})
  Path Group:             (none)
  Path Type:              Hold (Min at Fast Process Corner)
  Data Path Delay:        0.710ns  (logic 0.210ns (29.507%)  route 0.501ns (70.493%))
  Logic Levels:           1  (IBUF=1)
  Clock Path Skew:        1.986ns (DCD - SCD - CPR)
    Destination Clock Delay (DCD):    1.986ns
    Source Clock Delay      (SCD):    0.000ns
    Clock Pessimism Removal (CPR):    -0.000ns

    Location             Delay type                Incr(ns)  Path(ns)    Netlist Resource(s)
  -------------------------------------------------------------------    -------------------
    U18                                               0.000     0.000 r  btnC (IN)
                         net (fo=0)                   0.000     0.000    btnC
    U18                  IBUF (Prop_ibuf_I_O)         0.210     0.210 r  btnC_IBUF_inst/O
                         net (fo=382, routed)         0.501     0.710    core/blur_pipe_1/row_inst/btnC_IBUF
    SLICE_X4Y14          FDRE                                         r  core/blur_pipe_1/row_inst/t2_reg[1]/R
  -------------------------------------------------------------------    -------------------

                         (clock sys_clk_pin rise edge)
                                                      0.000     0.000 r  
    W5                                                0.000     0.000 r  clk (IN)
                         net (fo=0)                   0.000     0.000    clk
    W5                   IBUF (Prop_ibuf_I_O)         0.414     0.414 r  clk_IBUF_inst/O
                         net (fo=1, routed)           0.685     1.099    clk_IBUF
    BUFGCTRL_X0Y0        BUFG (Prop_bufg_I_O)         0.029     1.128 r  clk_IBUF_BUFG_inst/O
                         net (fo=656, routed)         0.859     1.986    core/blur_pipe_1/row_inst/clk_IBUF_BUFG
    SLICE_X4Y14          FDRE                                         r  core/blur_pipe_1/row_inst/t2_reg[1]/C





